article_id,title,subtitle,category,category_slug,reporter,published_at,url,image_url,content,crawled_at
11485514,"얼라인파트너스, 에이플러스에셋 공개매수가 9000원으로 인상",,증권,stock,박제완 기자greenpea94@mk.co.kr,2025-12-05T22:00:00+09:00,https://www.mk.co.kr/news/stock/11485514,https://static.mk.co.kr/facebook_mknews.jpg,"마감 시한 15일까지로 연장
5일 주가 8750원까지 올라
사진 확대
국내 대표 행동주의 펀드 얼라인파트너스자산운용이 독립법인보험대리점(GA) 에이플러스에셋어드바이저에 대한 공개매수 가격을 주당 9000원으로 인상했다. 지난달 17일 공개매수 당시 제시했던 가격(주당 8000원) 대비 12.5% 높은 가격이다.
5일 투자은행(IB)업계에 따르면 얼라인파트너스는 에이플러스에셋 공개매수가격을 9000원으로 정정하는 공개매수 정정공고를 냈다. 공개매수 기간도 이달 15일까지로 연장했다. 종전 마감 시한은 이달 7일까지였다.
공개매수 가격 상향은 에이플러스에셋 주가가 얼라인파트너스가 제시한 공개매수 가격보다 높아졌기 때문으로 풀이된다. 5일 종가 기준 에이플러스에셋 주가는 주당 8570원에 마감했다. 정정된 공개매수 가격은 종가 대비 2.8% 높다.
지난달 초 5900원대에 거래되던 에이플러스에셋 주가는 공개매수가 시작된 직후인 18일 30% 올랐다. 19일 한때 9190원에 거래되리고 했다. 곽근호 에이플러스에셋 회장 측이 얼라인파트너스에 맞서 대응 공개매수 등 조치에 나설 것이라는 전망이 반영됐다는 분석이다.
얼라인파트너스의 에이플러스에셋 지분율은 현재 4.99%다. 이번 공개매수가 전량 성공하면 24.89%의 지분을 보유하게 돼 2대주주에 오르게 된다. 현재 경영진인 곽근호 에이플러스에셋 회장은 특수 관계인을 포함해 지분 25.54%, 재무적 투자자(FI)인 스카이레이크는 4.79% 지분을 보유하고 있다.",2025-12-06T01:59:52.200036
11485513,[Move] 영화적 상상력과 만난 원작의 힘...영화 ‘국보’,,증권,stock,최재민,2025-12-05T19:03:44+09:00,https://www.mk.co.kr/news/stock/11485513,https://pimg.mk.co.kr/news/cms/202512/05/news-p.v1.20251204.57d374b2fae74a4fb25bbb0f6dc10794_R.jpg,"‘가부키 배우’로서 국보의 경지에 오르기 위해 서로를 뛰어넘어야만 했던 두 남자의 이야기를 그린 영화 ‘국보’. 이상일 감독이 일본의 거장 요시다 슈이치 작가의 원작을 스크린으로 옮긴 이 작품은 지난 9월 한국인 감독 최초 일본 천만 영화에 등극했다.
사진 확대
라이벌 조직의 기습으로 눈앞에서 아버지를 잃고 가부키 명문가의 당주이자 간판배우인 ‘하나이 한지로’(와타나베 켄)에게 맡겨진 소년 ‘키쿠오’(요시자와 료). 낯선 환경 속에서 누구보다 치열하게 무대에 서며 배우로 성장해 나가던 키쿠오는 청춘을 바치려던 배우의 길에서 그러나 스승인 한지로의 아들 ‘슌스케’(요코하마 류세이)와 부딪히며 극강의 라이벌로 성장하게 된다. 치열한 경쟁에 놓인 두 사람은 세상에 단 하나뿐인 이름인 ‘국보’를 향해 달리기 시작한다.
애니메이션 강국 일본에서 역대 실사 영화 흥행 1위에 오른 ‘국보’는 일본 현대문학을 대표하는 요시다 슈이치가 3년간 가부키 분장실을 직접 드나들며 체험한 생생한 경험을 바탕으로 집필한 동명의 소설이 원작이다. 영화 소재로 다루기 까다로운 ‘가부키’라는 장르를 다뤘으나, 보는 관객이 캐릭터의 심리에 입체적으로 다가갈 수 있도록 연출을 했다.
사진 확대
영화 ‘국보’ 스틸컷
데뷔작 ‘푸를 청’으로 일찍이 주목받고 ‘훌라 걸스’로 일본 아카데미 최우수 작품상·감독상·각본상을 석권한 재일 한국인 이상일 감독이 ‘악인’ ‘분노’에 이어 요시다 슈이치와 세 번째 협업한 작품으로, ‘춤추는 대수사선 2: 레인보우 브릿지를 봉쇄하라’(2003)의 흥행 수익 173.5억 엔을 뛰어넘으며 역대 일본 실사 영화 흥행 1위에 등극했다. 무려 22년 만의 기록을 갈아치우는 기념비적인 사건이다.
‘어린 키쿠오’ 역은 고레에다 히로카즈 감독의 영화 ‘괴물’에서 미나토 역을 맡아 성인 배우들 못지않게 섬세하고 뛰어난 감정 연기를 보여준 쿠로카와 소야가, ‘성인 키쿠오’ 역은 섬세한 연기와 폭발적인 존재감을 겸비한 배우 요시자와 료가 맡았다.
사진 확대
영화 ‘국보’ 스틸컷
키쿠오의 평생 라이벌 ‘오가키 슌스케’ 역엔 영화 ‘유랑의 달’을 통해 이상일 감독과 호흡을 맞췄던 日 아카데미상 최우수 남우주연상 수상자 요코하마 류세이가 맡아 강렬한 에너지를 보여준다. 여기에 가부키 명문의 당주 ‘한지로’ 역은 세계적인 배우 와타나베 켄이 맡아, 전통을 지키는 당주의 위엄과 동시에 배우로서의 욕망을 품은 캐릭터로 영화의 중심을 단단히 잡아준다.
3시간에 가까운 러닝타임을 지루하지 않도록 하는 것은 원작의 탄탄함을 극중 그대로 살려낸 감독의 디테일과 가부키라는 장르를 제대로 보여준 고증 때문이다. 가부키 세계의 섬세한 무대미술, 의상과 분장, 배우들의 몸짓과 호흡이 카메라와 결합, 독창적인 영화적 경험을 만들어낸다. ‘용서받지 못한 자’, ‘분노’, ‘유랑의 달’까지 개봉하는 작품마다 화제를 불러일으키며, 전 세계 영화계가 주목하는 감독으로 자리매김한 이상일 감독이 가부키 세계와 주인공의 욕망을 집요한 디테일로 스크린에 옮겼다.
사진 확대
영화 ‘국보’ 스틸컷
특히 일본 전통 가부키를 대표하는 4대손 나카무라 간지로가 주인공들의 가부키 스승으로 출연함과 동시에, 직접 가부키 지도를 맡아 배우들의 훈련 과정부터 작품의 무대 장면까지 완성도를 끌어올린 점이 한몫했다. 가부키 공연 신은 극장에서 볼 때 백미를 느낄 수 있다. 러닝타임 174분.
[
글
최재민
이미지
(주)NEW]
[※ 본 기사에는 영화의 스포일러가 될 만한 줄거리가 포함되어 있습니다.]
[본 기사는 매일경제 Citylife 제1008호(25.12.09) 기사입니다]",2025-12-06T01:59:52.992539
11485512,"“연봉만 3천만원 차이, 어떻게 합쳐요?”...대한항공·아시아나 결합 ‘뇌관’",,증권,stock,정지성 기자jsjs19@mk.co.kr,2025-12-05T18:57:06+09:00,https://www.mk.co.kr/news/stock/11485512,https://pimg.mk.co.kr/news/cms/202512/05/rcv.YNA.20250930.PYH2025093018370001300_R.jpg,"통합 대한항공 출범 D-1년
내년말 양사 통합법인 출범 전망
임금·조직문화 ‘화학적 결합’ 뇌관
에어프랑스-KLM, 노조 반발로
20년째 ‘한 지붕 두 가족’ 사례도
IT ‘단계적 통합’으로 오류 최소화
도색 2주에 1대...완료 3년 더 걸려
사진 확대
[연합뉴스]
대한항공과 아시아나항공의 완전 통합이 약 1년 앞으로 다가왔다. 양사는 내년 상반기에 임시 이사회를 열어 합병계약서를 체결하고 주식 교환 비율을 확정한 뒤 이르면 내년 말 단일 법인 ‘통합 대한항공’으로 거듭날 예정이다. 다만 임금 격차 해소와 상이한 기업문화 융합이라는 ‘화학적 결합’은 여전히 시한폭탄 같은 뇌관으로 남아 있다.
5일 항공 업계에 따르면 통합 과정의 최대 난제는 양사 임직원 간 임금 격차다. 현재 대한항공과 아시아나항공 직원의 평균 연봉 격차는 3000만원에 달한다. 아시아나항공 직원들의 임금을 대한항공 수준으로 단기간에 끌어올리기에는 수천억 원의 재무적 부담이 따르고, 방치하면 내부 갈등의 불씨가 될 수 있다.
대한항공 측은 “통합 후 이른 시일 내에 양 조직이 융화 가능하도록 합리적인 기준을 수립하겠다”며 “양측 노조와 지속해서 협의하고 있다”고 밝혔다. 하지만 구체적인 인상 로드맵에 대해서는 “공개하기가 어렵다”며 말을 아꼈다.
업계에선 과거 에어프랑스(프랑스)와 KLM(네덜란드)의 사례를 반면교사로 삼아야 한다고 지적한다. 두 항공사는 2004년에 합병했지만 20년이 지난 지금도 조직문화 충돌, 임금 체계 통합에 대한 노조의 극심한 반발로 완전한 통합에 실패했다.
여전히 별도 브랜드와 운영 체제를 유지하는 ‘한 지붕 두 가족’ 형태의 불안한 동거를 이어가고 있다. 대한항공 역시 노조와 합의점을 찾지 못하면 법적으로만 하나일 뿐 실제로는 둘로 쪼개진 ‘무늬만 통합’에 그칠 수 있다는 우려가 나온다.
정보기술(IT) 시스템 통합 또한 자칫하면 대형 사고로 이어질 수 있는 변수다. 과거 미국 유나이티드항공과 콘티넨털항공 합병 당시 예약·마일리지·운항 관리 시스템을 같은 날 한꺼번에 통합하려다 ‘은퇴한 파일럿’에게 비행 스케줄이 배정되는 등 황당한 오류가 속출했다. 이에 따라 유나이티드항공은 2010년대 중반까지 ‘최악의 항공사’라는 오명을 써야 했다.
사진 확대
11통합대한항공2
대한항공은 이를 교훈 삼아 신중론을 택했다. 대한항공 관계자는 “빅뱅 방식(일괄 통합)이 아닌 단계적·순차적 방식을 채택해 오류 위험을 최소화할 것”이라며 “기본 원칙은 대한항공 시스템을 기준으로 아시아나 데이터를 이관하는 것”이라고 못 박았다.
조직 통폐합으로 인한 인력 구조조정 역시 변수다. 대한항공 관계자는 “인위적인 구조조정은 없다는 원칙은 확고하다”며 “일부 중복 인력은 자연 감소와 부문별 재배치를 통해 해소할 수 있다”고 거듭 강조했다.
이와 관련해 무리한 구조조정이 서비스 품질 저하로 이어지지 않도록 경계해야 한다는 목소리가 높다. 실제로 2010년 합병한 유나이티드항공과 콘티넨털항공은 통합 초기에 비용 절감을 위해 숙련된 인력을 대거 내보내고 저임금의 비숙련 인력을 채용했다가 곤욕을 치렀다. 서비스 품질이 급격히 떨어지며 고객 불만이 폭주했고, 합병 후 수년간 ‘미국에서 가장 싫어하는 항공사’ 상위권에 오르는 불명예를 안아야 했다.
통합을 상징하는 브랜드 작업은 물리적 시간과의 싸움이다. 양사는 통합 시점에 맞춰 전 임직원이 착용할 신규 유니폼 개발을 검토하고 있다. 다만 구체적인 디자인이나 발표 시기는 정해지지 않았다.
항공기 도색은 물리적 한계로 인해 통합 출범 시점까지 완료가 불가능하다. 도색 작업에만 2주에 1대꼴이 소요돼 아시아나항공기를 모두 대한항공 색으로 바꾸는 데에는 합병 후에도 약 3년이 더 걸릴 것으로 보인다. 당분간 대한항공 로고가 박힌 비행기와 아시아나 색동 날개 비행기가 섞여서 운항하는 ‘과도기’가 불가피하다.
주식 합병 절차도 구체화됐다. 내년 상반기에 교환 비율이 확정되면 아시아나항공 주식은 내년 말께로 예상되는 합병 기일 2일 전부터 거래가 정지된다. 이후 아시아나항공 주주들에게 교부되는 대한항공 신주는 합병 등기일 약 2주 후 상장되며 이날 아시아나항공은 최종 상장폐지된다.
대한항공 관계자는 “글로벌 항공사의 합병 성공과 실패 사례를 철저히 분석해 델타항공과 함께 컨설팅을 진행하고 있다”며 “안전 운항을 최우선으로 두면서도 임직원과 고객 모두가 만족할 수 있는 성공적인 통합 모델을 만들겠다”고 말했다.",2025-12-06T01:59:53.626900
11485511,“대통령 뽑을 사람이 없네” 응답 과반…1위 조국·2위 김민석 한자릿수,,증권,stock,서동철 기자sdchaos@mk.co.kr,2025-12-05T18:56:13+09:00,https://www.mk.co.kr/news/stock/11485511,https://pimg.mk.co.kr/news/cms/202512/05/news-p.v1.20251205.9880d766e253433688f580db60cf85f8_R.png,"갤럽, 지도자 선호도 조사
이재명 대통령 지지율 2주연속 60%
차기 대통령감으로 고를 인물이 없다는 의견이 절반 이상인 여론조사 결과가 나왔다. 선택받은 후보 중에는 선두권에 속한 조국 조국혁신당 대표(8%), 김민석 국무총리(7%)도 한 자릿수 지지율에 머물렀다.
사진 확대
이재명 대통령 [연합뉴스]
5일 한국갤럽이 지난 2일부터 4일까지 전국 만 18세 이상 1000명(응답률 11.8%)을 대상으로 조사한 ‘결과 장래 대통령감으로 누가 좋다고 생각하는지 묻는 물음’(자유 응답)에 57%는 특정인을 답하지 않았다.
조 대표가 8%로 가장 앞서 있었으며 김 총리 7%, 한동훈 전 국민의힘 대표(4%), 장동혁 국민의힘 대표(4%)로 뒤를 이었다. 이준석 개혁신당 대표, 정청래 더불어민주당 대표 각각 3%, 오세훈 서울시장 2%로 집계됐다. 김동연 경기도지사, 홍준표 전 대구시장, 우원식 국회의장, 박찬대 더불어민주당 의원 각각 1%였다. 우 의장은 거의 1년 만에 재언급됐고 박 의원은 이번에 처음으로 포함됐다. 2022년 6월부터 이번까지 장래 정치 지도자 조사에서 한 번이라도 선호도 1.0% 이상 기록한 인물은 모두 19명이다. 해당 조사는 다음 대선 출마에 대한 전제 질문이 아니고, 유권자가 자유롭게 응답하도로 돼 있어 누구나 언급될 수 있다.
이런 가운데 이재명 대통령의 직무수행에 관한 의견을 물은 결과 응답자 62%가 ‘잘하고 있다’고 답했다. 이는 지난 2주 연속 60%를 기록한 데에서 2%포인트 상승한 수치다. ‘잘못하고 있다’는 응답은 지난주보다 2%포인트 하락한 29%였다. ‘의견 유보’는 8%로 집계됐다.
올해 6·3 조기 대선에서 당선된 이 대통령은 지난 4일로 취임 6개월을 맞았다. 역대 대통령의 취임 6개월 지지율을 보면 김영삼 전 대통령 84%, 문재인 전 대통령 74%, 박근혜 전 대통령 59%, 김대중 전 대통령 56%, 노무현 전 대통령 30%, 윤석열 전 대통령 30%, 이명박 전 대통령 24%를 각각 기록했다.
이번 조사는 이동통신 3사가 제공한 무선전화 가상번호를 무작위 추출해 전화 조사원 인터뷰(CATI) 방식으로 진행됐다. 표본오차는 95％ 신뢰수준에 ±3.1%포인트다. 자세한 내용은 중앙선거여론조사심의위원회 홈페이지를 참조하면 된다.",2025-12-06T01:59:54.312708
11485510,‘뿔난 수능민심’에 교육부 출제 과정 즉시 조사…평가원 “수험생·학부모께 사과”,,증권,stock,안병준 기자anbuju@mk.co.kr,2025-12-05T18:55:21+09:00,https://www.mk.co.kr/news/stock/11485510,https://pimg.mk.co.kr/news/cms/202512/05/rcv.YNA.20251204.PYH2025120410910001300_R.jpg,"교육부 “수능 출제과정 조사하고 엄정히 대응”
‘첫 불수능’ 2002년 김대중 대통령도 사과
2023년엔 모평 난도 실패로 평가원장 사임
내년 지방선거 앞두고 수험생 표심 눈치
사진 확대
오승걸 한국교육과정평가원장이 4일 정부세종청사 교육부 브리핑실에서 2026학년도 대학수학능력시험 채점 결과와 관련해 난이도 조절 실패에 대한 유감을 표명하고 있다. 연합뉴스
교육부가 2026학년도 대학수학능력시험(수능) 영어 영역 난이도 실패에 따른 수험생과 학부모의 뿔난 민심을 잠재우기 위해 이례적으로 수능 출제 전 과정에 대한 조사에 착수한다.
5일 교육부는 긴급 보도자료를 내고 “수능 영어영역과 관련하여 절대평가임에도 불구하고 난도가 높아 체감 부담이 컸다는 수험생, 학부모, 학교 현장에서 제기된 우려의 목소리를 엄중하게 받아들이고 있다”면서 “교육부는 이번 사안을 계기로 수능 출제 및 검토 전 과정에 대한 면밀한 조사를 즉시 시행할 것이며, 조사 결과에 따라 엄정하게 대응하겠다”고 밝혔다.
앞서 지난 4일 오승걸 한국교육과정평가원장은 수능 영어 영역 난이도 조절 실패에 대한 유감을 밝힌 바 있다. 영어 영역은 사교육 경감을 위해 2018학년도부터 절대평가 방식이 도입됐다. 그러나 이번 수능에서 1등급 비율이 3.11%로 역대 최저치를 찍으며 수험생뿐만 아니라 교육계에서도 비난의 목소리가 나왔다.
한국영어영문학회 등 36개 학회가 모인 ‘한국영어관련학술단체협의회’는 이날 성명을 통해 “영어만 절대평가하는 불공정한 정책의 실패를 더는 외면할 수 없다”면서 “수능 영어의 절대평가 방식을 폐기해야 한다”고 주장하기도 했다.
이에 대해 교육부 관계자는 “출제위원 개인에 대한 조사라기보다는 전반적인 출제 과정에 대해 보완 부분이 있는지 살피는 것”이라며 “조사에 당장 착수하는 것은 맞고 조사 결과가 연내까지 나올지는 확답하기 어렵다”고 밝혔다.
수능 출제에 대한 전반적인 관리·감독 업무를 담당하는 한국교육과정평가원도 재차 고개를 숙였다.
평가원은 “영어 영역 난이도와 관련하여 절대평가 체제에서 요구되는 적정 난이도와 학습 부담 완화에 부합하지 못했다는 지적을 무겁게 받아들이며, 수험생, 학부모 여러분께 심려를 끼쳐드린 점 깊이 사과드린다”고 밝혔다. 이어 “이번 사안을 계기로, 이번 영어 문항에 대한 분석뿐만 아니라, 출제 및 검토 과정을 다시 한번 면밀히 점검하겠다”라며 “특히 난이도 조정 절차, 현장 교사로 구성된 검토위원의 역할 강화, 출제 및 검토위원의 역량 강화 방안 등을 다각적으로 검토하여 개선 방안을 마련하겠다”고 덧붙였다.
교육부가 수능 난이도 실패에 대한 신속한 대응에 나선 것을 두고 일각에서는 내년 지방선거를 염두에 둔 것 아니냐는 목소리도 나온다. 내년초까지 이어지는 입시 일정상 약 50만명에 달하는 수험생과 학부모의 표심이 흔들리는 것을 미리 방지하려는 포석으로 분석된다.
실제 ‘불수능’이라는 용어가 처음 등장한 2002학년도에는 수험생과 학부모의 원성이 커지자 당시 김대중 대통령이 수능 닷새 뒤 사과하고 난이도 조절을 위한 모의평가가 생겼다.
2019학년도 수능에서도 국어 영역이 매우 어려워 불수능을 넘어 ‘용암수능’이었단 평가까지 받아 공분을 샀고, 결국 당시 평가원장이 사과했다.
2023년에는 윤석열 전 대통령이 6월 모의평가와 관련해 ‘공교육 교과과정 밖 수능 출제 배제’ 지시를 내린 지 나흘 만에 당시 이규민 한국교육과정평가원 원장이 사임 의사를 밝히기도 했다.",2025-12-06T01:59:55.054150
11485509,내년 국가유산청 예산 1조4971억원으로 확정,,증권,stock,정유정 기자utoori@mk.co.kr,2025-12-05T18:47:20+09:00,https://www.mk.co.kr/news/stock/11485509,https://static.mk.co.kr/facebook_mknews.jpg,"올해 대비 약 8% 증가
국가유산청은 내년도 예산 총지출 규모가 올해보다 1097억 원 증액된 1조4971억 원으로 확정됐다고 밝혔다.
회계·기금별 예산의 경우 일반회계와 지역균형발전특별회계는 1조3300억원으로 올해 대비 6.9% 증가했다. 국가유산보호기금은 1671억원으로 올해보다 16.5% 증액된 수준이다.
분야별 예산은 국가유산 보수정비·보존기반 구축 5711억원, 국가유산 정책 2638억원, 문화유산 1009억원, 자연·무형유산 906억원, 세계유산 806억원, 교육·연구·전시 1067억원, 궁능원 관리 1285억원 등이다.
특히 국가유산 보수정비 예산이 412억 원 늘어 가장 큰 증가폭을 보였다. 이외에도 국립무형유산원 분원 건립(119억원), 전수교육관 확충(117억원), 국가유산 재난안전 관리(316억원), 국가유산 긴급보수(108억원) 등이 주요 증액 사업에 포함됐다.
내년 주요 신규 사업으로는 제48차 세계유산위원회 개최가 있다. 국가유산 지능형 첨단보존 기술개발, 경복궁 내 국가유산 대표상품관 조성, 백악산 한양도성 탐방로 운영, 한국 전통조경 해외 보급, 규장각 기록유산 콘텐츠 활용 및 보급, K-무형유산 지식자원 기초조사 등도 신규 산업에 포함됐다.",2025-12-06T01:59:55.728768
11485508,세계 스포츠 도핑 질서 재편… WADA 총회 ‘부산 선언’ 채택하며 성료,,증권,stock,김지한 기자hanspo@mk.co.kr,2025-12-05T18:47:18+09:00,https://www.mk.co.kr/news/stock/11485508,https://pimg.mk.co.kr/news/cms/202512/05/news-p.v1.20251205.e6aada3addc74e5285471ec00051b426_R.jpg,"163개국 2000여명 참석, 亞 첫 개최
내년부터 6년 적용 반도핑 규약 확정
‘공정 경기 수호’ 등 담은 선언문 채택
사진 확대
5일 부산 해운대구 벡스코 제1전시장에서 2025 세계도핑방지기구(WADA) 총회 폐막행사가 진행되고 있다. 연합뉴스
스포츠 도핑 방지규약의 국제 표준 등을 정하는 세계도핑방지기구(WADA) 부산 총회가 ‘부산 선언’을 채택하고 5일 폐막했다.
1~5일 부산 벡스코에서 열린 2025 WADA 총회가 전 세계 정부 대표단, 국제경기연맹, 선수단 관계자 등 163개국 2000여명이 참석한 가운데 성공적으로 종료됐다. 이번 총회는 세계도핑방지기구 설립 이후 아시아에서 처음 개최한 국제회의로서 세계 반도핑 정책 방향을 결정하는 중요한 자리였다.
5일 열린 총회 폐회식에서는 2027년부터 적용될 반도핑 규약과 국제 표준 개정안을 확정했다. 개정안은 청소년 선수 보호 강화, 도핑방지기구의 독립성과 투명성 확대, 국제 협력 강화, 검사 및 분석 절차 개선 등을 포함해 세계 반도핑 체계의 공정성과 체계성을 한층 높일 것으로 보인다. 이번 개정안은 향후 6년 간 전 세계 스포츠 현장에 적용된다.
또 도핑 방지를 위한 국제사회의 공동 의지를 담은 ‘부산선언(Busan Declaration)’도 공식 채택했다. 선언문은 앞으로의 국제 반도핑 정책의 방향성을 제시하는 의미 있는 문서로서 공정 경기 가치 수호, 국가 간 협력 확대, 선수 인권 보호 강화, 국가도핑방지기구의 독립성 강화 등을 핵심 내용으로 한다. 특히, 이번 선언에는 한국 정부의 제안으로 디지털을 활용한 도핑 방지 교육을 강화하는 내용을 최초로 담았다.
위톨드 반카 WADA 회장은 “문화체육관광부 한국도핑방지위원회(KADA), 부산시의 세심한 준비와 협력에 진심으로 감사를 전한다. 한국은 아시아 도핑방지 시스템을 이끌고 있을 뿐 아니라 저개발국가에도 지원을 아끼지 않는 모범적인 사례다. 한국의 뛰어난 개최 역량으로 대규모 국제회의가 성공적으로 마무리됐다”며 호평을 쏟아냈다.",2025-12-06T01:59:57.937721
11485507,"‘폭설로 경기 취소’ 하루 밀린 승강PO…‘뚝심’ 유지한 수원FC, 김은중 감독 “라인업 바꿀까 고민했지만” [MK현장]",,증권,stock,김영훈 기자hoon9970@maekyung.com,2025-12-05T18:45:24+09:00,https://www.mk.co.kr/news/stock/11485507,https://pimg.mk.co.kr/news/cms/202512/05/news-p.v1.20251205.6b03bc27c68f431399b402c5830dafc6_R.jpg,"수원FC 김은중 감독도 폭설로 인해 경기가 취소된 경험은 처음이다. 승강 플레이오프 1,2차전 일정이 모두 하루씩 밀리면서, 선수단 컨디션 및 경기력 관리에 아쉬움을 토로했다.
수원FC는 5일 부천종합운동장에서 부천FC1995와 하나은행 K리그 2025 승강플레이오프 1차전을 치른다.
당초 전날(4일) 예정됐던 이번 경기는 갑작스러운 폭설로 취소가 결정, 하루 뒤인 오늘 열리게 됐다.
사진 확대
사진=프로축구연맹
경기 전 김은중 감독은 “18년 정도 선수 생활을 이어갔다. 과거 대전에서 뛰었던 시절 비가 많이 내려서 취소된 기억이 있다. 그 이후 경기가 취소된 일은 어제가 처음이다”라고 말했다.
예상치 못한 변수에 어려움도 잇따랐다. 김은중 감독은 “숙소를 다시 예약해야 했다. 다행히 구단에서 빨리 조치해서 선수들이 어려움 없이 이동할 수 있었다. 저녁 식사를 해결한 뒤 숙소에서 선수들에게 휴식을 부여했다”라고 했다.
1차전이 연기되면서, 2차전 또한 하루 뒤 열리게 됐다. 7일 오후 2시 예정된 경기는 8일 오후 7시에 열린다. 김은중 감독은 “2차전은 낮경기를 바랐다. 선수들도 더 좋은 조건에서 경기를 할 수 있다고 생각했는데, 2경기 모두 야간에 치르게 됐다”라고 아쉬워 했다.
사진 확대
사진=프로축구연맹
사진 확대
사진=프로축구연맹
그럼에도 김은중 감독은 ‘뚝심’을 보였다. 전날 공개한 선발 라인업과 동일하게 나섰다. 윌리안, 안드리고, 싸박, 한찬희, 노경호, 이재원, 이시영, 황인택, 이현용, 김태한, 안준수가 출전한다.
김은중 감독은 “생각이 많았다. 서로 어느 정도 패를 알고 경기에 임하게 됐다. 라인업에 변화를 가져갈까 고민이 들었으나 우리가 하고자 하는 방식을 그대로 가는 게 더 낫겠다고 판단했다”라고 설명했다.
[부천=김영훈 MK스포츠 기자]",2025-12-06T01:59:58.770365
11485506,영어 1등급 3.11%…‘불수능’에 교육부 “출제·검토 과정 조사”,,증권,stock,이상현 기자lee.sanghyun@mk.co.kr,2025-12-05T18:42:44+09:00,https://www.mk.co.kr/news/stock/11485506,https://pimg.mk.co.kr/news/cms/202512/05/news-p.v1.20251205.67f8b5f6514d4a0e845f6cc30709ef51_R.jpg,"사진 확대
2026학년도 대학수학능력시험 성적표가 배부된 5일 오전 부산 금정구 동래여자고등학교 3학년 교실에서 학생들이 자신의 수능 성적을 확인하고 있다. [연합뉴스]
교육부는 2026학년도 대학수학능력시험(수능) 영어 영역의 난도가 지나치게 높았다는 지적과 관련, “이번 사안을 계기로 수능 출제·검토 전 과정에 대한 면밀한 조사를 즉시 시행할 것이며 조사 결과에 따라 엄정하게 대응하겠다”고 밝혔다.
교육부는 5일 배포한 보도자료에서 “영어 영역이 절대평가임에도 불구하고 난도가 높아 체감 부담이 컸다는 수험생과 학부모, 학교 현장에서 제기된 우려의 목소리를 엄중하게 받아들이고 있다”며 이같이 설명했다.
교육부는 또 “한국교육과정평가원(평가원)은 수능 출제에 대한 개선을 약속한 바 있으며 교육부도 평가원의 조치가 신속하고 투명하게 이루어질 수 있도록 할 예정”이라고 부연했다.
올해 수능 영어 영역은 1등급 비율이 3.11%로 절대평가가 도입된 2018학년도 이래 최저치를 기록했다. 4% 이내에 들면 1등급을 받는 상대평가 과목과 비교해도 비율이 낮아 평가원이 난이도 조절에 실패했다는 지적이 제기됐다.",2025-12-06T01:59:59.501331
11485505,"“기밀 빼돌린 곳과 수의계약?”…이 대통령, 방사청에 “잘 체크하라”",,증권,stock,이상현 기자lee.sanghyun@mk.co.kr,2025-12-05T18:42:32+09:00,https://www.mk.co.kr/news/stock/11485505,https://pimg.mk.co.kr/news/cms/202512/05/news-p.v1.20251205.3827cd7b56274fbfa386b967895ccc68_R.jpg,"사진 확대
이재명 대통령이 5일 충남 천안시 한국기술교육대학교에서 열린 ‘충남의 마음을 듣다’ 타운홀미팅에서 지역 발전 관련 토론을 주재하고 있다. [연합뉴스]
이재명 대통령은 방위사업청을 향해 “군사기밀을 빼돌려서 처벌받은 데다가(곳에다가) 수의계약을 주느니 (하는) 이상한 소리를 하고 있던데 그런 것 잘 체크하라”고 지시했다.
이 대통령은 5일 충남 천안에서 열린 타운홀미팅 행사 중 방산·군수 비리를 근절해달라는 참석자의 제안에 이용철 방위사업청장을 향해 이같이 말했다.
이 대통령은 추가로 구체적인 언급을 하지는 않았다. 다만 정가에서는 방사청이 진행하고 있는 한국형 차기 구축함(KDDX) 사업을 둘러싼 HD현대중공업과 한화오션의 대립을 지목한 것이란 해석이 나온다.
방사청은 오는 18일 방위사업추진위원회(방추위)를 열어 수의계약, 경쟁입찰, 공동설계 중 한 가지 방식으로 최종 사업계획을 결정할 방침이다.
그간 방사청은 관례대로 기본설계를 맡았던 HD현대중공업과 수의계약을 맺고 상세설계·선도함 건조 사업을 추진하려 했다.
그러나 한화오션은 HD현대중공업의 과거 군사기밀 유출 사건을 문제 삼으며 경쟁입찰 또는 양사 공동설계를 주장해 왔다.",2025-12-06T02:00:00.249578
11485504,포스코 장인화號 2기…임원인사·조직개편 단행,,증권,stock,정지성 기자jsjs19@mk.co.kr,2025-12-05T18:42:10+09:00,https://www.mk.co.kr/news/stock/11485504,https://pimg.mk.co.kr/news/cms/202512/06/20251206_01160121000004_S00.jpg,"사진 확대
포스코그룹이 '안전'과 '실행력'을 키워드로 하는 2026년도 정기 임원인사 및 조직 개편을 단행했다. 장인화 회장이 취임한 이후 조직 쇄신 기조를 이어가며 미래 경쟁력을 확보하겠다는 의지가 담겼다. 이번에 유리천장 깨기가 가속화됐다. 최영 포스코홀딩스 전무(사진)가 포스웰 이사장에, 안미선 포스코이앤씨 상무가 엔투비 대표로 선임되는 등 사업회사 여성 대표 2명이 배출됐다. 외부 인사 수혈도 늘었다. 그룹 AI 전략을 총괄할 포스코홀딩스 그룹DX전략실장에 임치현 울산과학기술원 부교수를 영입했고, 포스코홀딩스 AI로봇융합연구소장에는 윤일용 포스코DX AI기술센터장을 앉혔다.
[정지성 기자]",2025-12-06T02:00:00.949103
11485503,‘계엄령 놀이’ 갑질 양양군청 공무원 구속,,증권,stock,이상헌 기자mklsh@mk.co.kr,2025-12-05T18:37:56+09:00,https://www.mk.co.kr/news/stock/11485503,https://pimg.mk.co.kr/news/cms/202512/05/news-p.v1.20251205.87ceb6d590fd41e595576fadfdf4b974_R.jpg,"재판부 “증거 인멸 및 도주 우려”
사진 확대
환경미화원 상대 갑질 의혹을 받는 강원 양양군 소속 7급 운전직 공무원 A씨가 5일 춘천지법 속초지원에서 열린 구속 전 피의자 심문(영장실질심사)을 마치고 나오고 있다.
환경미화원들을 상대로 수개월간 갑질을 한 혐의를 받는 강원 양양군청 공무원이 구속됐다.
춘천지법 속초지원 배다헌 영장전담판사는 5일 강요 등 혐의를 받는 양양군청 7급 운전직 공무원 A씨에 대한 구속영장을 발부했다. 배 판사는 “도주 및 증거인멸 우려가 있다”고 영장 발부 사유를 밝혔다.
A씨는 공무직과 기간제 근로자 신분인 환경미화원들에게 폭행·강요 등 직장 내 괴롭힘을 한 혐의를 받는다. 그는 이른바 ‘계엄령 놀이’를 하며 폭력을 행사하고, 청소차에 태우지 않은 채 출발해 달리게 하거나 특정 색상의 속옷 착용을 강요했다.
특정 주식 매수를 강요하기도 했다. 피해 환경미화원들은 지난달 25일 경찰에 고소장을 냈다.
A씨를 입건한 경찰은 지난달 27일 양양군청과 A씨 주거지 및 근무지 등을 압수수색 했다. 이어 지난 2일 첫 소환조사를 마친 뒤 지난 3일 구속 영장을 신청했다.",2025-12-06T02:00:01.659349
11485502,“좋아지고 있다고 보고받았다” 이영택 GS 감독의 레이나를 향한 믿음 [MK현장],,증권,stock,김재호 기자greatnemo@maekyung.com,2025-12-05T18:37:26+09:00,https://www.mk.co.kr/news/stock/11485502,https://pimg.mk.co.kr/news/cms/202512/05/news-p.v1.20251205.493b15b95b3445b69e297c87d3f4989e_R.jpg,"이영택 GS칼텍스 감독은 팀과 떨어져 재활중인 아시아쿼터 아웃사이드 히터 레이나 토코쿠에 대한 믿음을 드러냈다.
이영택 감독은 5일 장충체육관에서 열리는 ‘진에어 2025-2026 V-리그’ 2라운드 페퍼저축은행과 홈경기를 앞두고 가진 인터뷰에서 “레이나가 빠진 상황에서 국내 선수들이 잘 버티며 경기해왔다. 2승 3패 2라운드 성적은 아쉽지만, 나름대로 선방하고 있다”며 2라운드를 돌아봤다.
GS칼텍스는 2라운드 IBK 기업은행과 정관장 두 하위권 팀을 이겼지만, 도로공사, 흥국생명, 현대건설을 상대로는 모두 졌다.
사진 확대
GS칼텍스의 아시아 쿼터 레이나는 현재 무릎 부상으로 뛰지 못하고 있다. 최근 치료를 위해 일본으로 건너갔다. 사진 제공= KOVO
이영택 감독의 말대로 GS칼텍스는 현재 정상 전력이 아니다. 아시아쿼터 아웃사이드 히터 레이나가 이탈했다. 지난 11월 1일 도로공사와 경기 이후 무릎 부상으로 이탈했다.
지난달 26일에는 치료를 위해 일본으로 출국했다. 이영택 감독은 “일본에서 열심히 치료받고 있다. 좋아지고 있다는 보고를 받았다. 이 부분에서는 다행이라고 생각한다”며 상황을 전했다.
그러면서도 “돌아와서 언제 경기에 투입할 수 있을지가 중요하다. 항상 말하는 것이지만, 본인이 괜찮다는 신호를 줘야 투입할 수 있다. (그전까지는) 국내 선수들을 잘 독려하며 해나가야 한다”며 복귀 시점에 대해서는 신중한 모습을 보여줬다.
아무리 부상 선수라도 시즌 도중 팀을 이탈하는 것은 좋은 신호는 아니다. 이 감독은 이에 관한 질문에 “이탈이라고 하기는 그렇고 우리가 보낸 것”이라며 선을 그었다.
사진 확대
이영택 GS 감독은 다른 선수들이 레이나의 공백을 메울 필요가 있다고 강조했다. 사진 제공= KOVO
그는 “2년 전 흥국생명에서 뛸 때도 부상이 있었다. 어린 시절부터 부상이 있었던 선수다. 본인이 편하게 생각하는 치료사가 일본에 있다고 들었다. 여기서도 진료와 재활을 잘해주고 있지만, 통증이 지속되는 것에 불안함을 느꼈다. 본인이 편하게 생각하고 잘 아는 치료사에게 받아보고 싶다고 했다”며 시즌 도중 선수를 보낸 이유를 설명했다.
이어 “좋아질 수 있는 상황이고, 좋아진 상태”라며 재차 레이나가 다시 돌아올 것이라는 믿음을 드러냈다.
자연스럽게 GS칼텍스의 공격은 아포짓 스파이커 실바에게 집중될 수밖에 없다. 실바에게 공격이 제대로 연결되면 좋지만, 그러지 않으면 어려워진다.
이영택 감독도 “그 부분이 잘 풀리면 수월하게 돌아간다”며 이에 동의했다. “그 부분이 현대건설과 지난 경기에서는 잘 안 돼서 답답하게 끌려갔다. 우리 아웃사이드 히터들도 그 부분을 잘 알고 있고, 그 부분에서 결정을 지어주기 위해 노력하고 있다. 오늘도 투쟁심을 갖고 볼 처리를 해줄 거라 생각한다. 거기에 맞춰 훈련도 많이 했다. 연결적인 그런 부분에서 공격수들이 편하게 할 수 있게끔 올라가야 한다”고 강조했다.
[장충= 김재호 MK스포츠 기자]",2025-12-06T02:00:02.422823
11485501,"박나래, 전 매니저 ‘수억 요구’에 법적 대응… “갑질 주장도 허위였다” 반박",,증권,stock,김승혜 기자ksh61226@mkculture.com,2025-12-05T18:35:05+09:00,https://www.mk.co.kr/news/stock/11485501,https://pimg.mk.co.kr/news/cms/202512/05/news-p.v1.20251205.d5c2ec99995c4ea5bc6aa4af2962b474_R.png,"개그우먼 박나래가 전 매니저 두 명으로부터 제기된 ‘갑질 의혹’과 약 1억 원대 가압류 신청에 대해 공식 입장을 밝혔다. 박나래 측은 이들이 퇴사 후 회사 매출 10%에 해당하는 금액을 비롯해 수억 원을 추가로 요구했다며 “근거 없는 주장과 금품 요구가 이어져 법적 대응에 나선다”고 밝혔다.
박나래 소속사 앤파크는 5일 공식 입장을 내고 최근 전 매니저들의 언론 제보와 가압류 신청과 관련해 “정확한 사실관계를 확인 중”이라며 말을 열었다. 소속사에 따르면 박나래와 약 1년 3개월간 근무한 직원 두 명은 최근 퇴사했고, 퇴직금 역시 정상 지급됐다. 그러나 두 사람은 퇴직 후 회사의 전년도 매출 10%에 해당하는 금액을 추가로 요구했고, 이후 요구 금액은 수억 원대로 확대됐다고 밝혔다.
사진 확대
개그우먼 박나래가 전 매니저 두 명으로부터 제기된 ‘갑질 의혹’과 약 1억 원대 가압류 신청에 대해 공식 입장을 밝혔다. 사진=천정환 기자
이어 소속사는 “두 전 매니저가 담당하던 대중문화예술기획업 등록 업무를 허위 보고해 회사에 피해를 끼쳤고, 퇴사 후 이를 언론에 제보하며 압박을 이어갔다”고 주장했다. 또한 “근거 없는 갑질 주장과 반복된 금품 요구로 박나래가 정신적 충격을 받았다”며 법적 대응을 선택한 배경을 설명했다.
앞서 전 매니저 두 명은 박나래에게 직장 내 괴롭힘, 특수상해, 대리처방 지시, 사적 심부름, 24시간 대기 요구 등 각종 ‘갑질’을 주장하며 약 1억 원 규모의 가압류 신청을 제기했다. 그러나 소속사는 “주장 대부분은 사실과 다르다”며 강하게 부인했다.
소속사는 “잘못한 부분은 책임을 회피하지 않겠다”면서도 “사실과 다른 주장으로 금전 요구가 반복되는 상황에서 더는 침묵할 수 없다고 판단했다”며 법적 절차를 밟겠다는 입장을 명확히 했다.
[김승혜 MK스포츠 기자]",2025-12-06T02:00:03.150871
11485500,"‘음주 뺑소니’ 김호중, 성탄절 가석방 심사 대상 올랐다",,증권,stock,지승훈 기자ji.seunghun@mk.co.kr,2025-12-05T18:33:13+09:00,https://www.mk.co.kr/news/stock/11485500,https://pimg.mk.co.kr/news/cms/202512/05/news-p.v1.20251205.c48a14b977844f1d8b6e7b0b4711c449_R.jpeg,"사진 확대
김호중. 사진ㅣ스타투데이DB
음주운전 뺑소니 혐의로 복역 중인 가수 김호중이 ‘성탄절 특사’ 가석방 심사 대상에 올랐다.
5일 법조계에 따르면 김호중은 법무부 산하 가석방심사위원회의 성탄절 가석방 심사 대상이 됐다.
가석방 심사 대상은 수형자의 나이와 범죄 동기, 죄명 등 일정 조건이 되면 관련법에 따라 자동으로 포함될 수 있다.
통상 수형자가 형기의 3분의 1 이상을 마치고, 행실이 양호하며 재범 우려가 없다고 인정될 때, 가석방 신청 자격 조건을 얻을 수 있다.
김호중은 지난 5월 음주 운전 뺑소니 혐의로 징역 2년 6개월을 선고받아 서울구치소에 수감됐다가 8월 민영교도소인 소망교도소로 이감돼 복역 중이다.
지난해 11월, 1심 재판부는 김호중에 대해 징역 2년 6개월의 실형을 선고했다. 이후 김호중, 검찰 측 모두 항소했으나 2심에서도 원심과 같은 형을 선고받았다. 결국 상고를 포기, 형을 확정했다. 형기를 모두 채울 시 내년 11월 출소 예정이다.
김호중은 지난해 9월 결심 공판에서 “열 번 잘하는 삶보다 같은 실수를 반복하지 않는 삶을 살아가기 위해 노력하겠다. 정신 차리고 똑바로 살겠다”고 선처를 호소한 바 있다.
[지승훈 스타투데이 기자]",2025-12-06T02:00:03.870811
11485499,"‘초소형 위성’ 나라스페이스, 공모가 희망범위 상단 확정",,증권,stock,우수민 기자rsvp@mk.co.kr,2025-12-05T18:31:41+09:00,https://www.mk.co.kr/news/stock/11485499,https://static.mk.co.kr/facebook_mknews.jpg,"기관 경쟁률 879대 1 기록
사진 확대
[본 기사는 12월 05일(18:25) 매일경제 자본시장 전문 유료매체인 ‘
레이더M
’에 보도 된 기사입니다]
초소형 위성 나라스페이스테크놀로지가 국내외 기관투자자 대상 수요예측을 거쳐 최종 공모가를 희망범위(1만3100~1만6500원) 상단인 1만6500원에 확정했다고 5일 공시했다.
지난달 26일부터 이달 2일까지 5거래일간 진행된 수요예측에는 국내외 1961개사가 참여해 경쟁률 879.08대 1을 기록했다.
공모가 확정에 따른 총 공모액은 약 284억원, 상장 후 시가총액은 1900억원 수준이다.
사진 확대
나라스페이스는 초소형 위성 설계부터 제작, 운용·분석 서비스까지 종합 서비스를 제공한다. 지난 2023년 11월 자체 개발한 초소형 위성 옵저버-1A 발사에 성공했다.
뒤이어 올 11월 발사한 GYEONGGISat-1 역시 교신에 성공하며 총 2기의 자체 위성을 안정적으로 운영하고 있다.
지난 2023년 16억3000만원이었던 매출은 지난해 43억원으로 늘었다. 올 3분기 말 기준 매출은 113억7000만원이다. 내년 흑자 전환을 목표로 하고 있다.
회사는 이번 공모로 확보한 자금을 위성 군집 생산·운용, 우주 영역 인식(SAD)·저궤도 위성 통신·저궤도 위성 PNT 등을 위한 위한 초소형 위성 발사·우주 검증 등에 투입할 방침이다.
한편 나라스페이스는 오는 8~9일 일반청약을 거쳐 코스닥시장에 이달 17일 상장할 예정이다.",2025-12-06T02:00:04.610222
11485498,[속보] 3주 만에 또 클라우드플레어 장애…배민 접속오류,,증권,stock,이상현 기자lee.sanghyun@mk.co.kr,2025-12-05T18:29:40+09:00,https://www.mk.co.kr/news/stock/11485498,https://pimg.mk.co.kr/news/cms/202512/05/news-p.v1.20251205.b6c12d5efa4b4acfbdc6fabb9ff53df0_R.jpg,"사진 확대
클라우드플레어 로고. [AP, 연합뉴스]
웹 인프라 기업 클라우드플레어의 장애로 국내외 여러 웹사이트 접속이 원활하지 않거나 지연되는 현상이 잇따르고 있다.
5일 관련 업계에 따르면 이날 오후 6시 기준 배달의민족 애플리케이션(앱) 등이 접속 장애를 겪고 있다. 앞서 무신사와 퍼플렉시티, LG유플러스 사이트 등이 접속 장애를 겪었다고 보고 됐으나, 현재 접속이 원활한 상태다.
클라우드플레어 측은 아직 별도의 입장을 밝히지 않았다.
앞서 지난 18일에는 클라우드플레어 네트워크에서 오류가 발생해 엑스(X, 옛 트위터)와 오픈AI의 챗봇 ‘챗GPT’, 구글, 유튜브, 페이스북 등 상당수 온라인 서비스가 3시간 이상 중단된 바 있다.
클라우드플레어는 해당 접속 장애가 외부의 사이버공격의 결과가 아니라 내부 시스템의 권한설정 오류 때문이었다고 밝혔다.
클라우드플레어는 웹사이트가 원활하게 운영되도록 지원하고 온라인 위협에서 보호하는 인프라를 제공하는 기업이다.
전 세계 인터넷 트래픽의 약 5분의 1이 클라우드플레어의 네트워크를 거치기 때문에 여기에 문제가 생기면 대규모 인터넷 장애가 발생하게 된다.",2025-12-06T02:00:05.376854
11485497,"성탄절 밖에서 보내나…‘음주 뺑소니’ 김호중, 가석방 대상 됐다",,증권,stock,지승훈 기자ji.seunghun@mk.co.kr,2025-12-05T18:28:39+09:00,https://www.mk.co.kr/news/stock/11485497,https://pimg.mk.co.kr/news/cms/202512/05/news-p.v1.20251205.0729c817719343f0a5361dded3c6b5b0_R.jpeg,"'음주 뺑소니’ 김호중
가석방 대상 됐다
김호중. [스타투데이DB]
음주운전 뺑소니 혐의로 복역 중인 가수
김호중(34)
이
성탄절 특사 가석방 심사 대상
에 이름을 올렸다.
성탄절을 교도소 밖에서 보내게 될지 관심이 쏠린다.
김호중. [스타투데이DB]
법조계에 따르면 5일, 김호중은 법무부 가석방심사위원회의
성탄절 가석방 심사 대상자
에 포함됐다.
그는 지난 5월 음주 뺑소니 혐의로 징역 2년 6개월을 선고받고 서울구치소에 수감된 뒤
소망교도소로 이감돼 복역 중이다.
유기형 수형자는 형기의 3분의 1을 채우면 심사 대상이 된다.
“교정 성적·건강 상태·재범 위험성·여론 등 종합적으로 평가 전망”
김호중 뺑소니 당시 사고 모습. [영상 = SBS 방송화면]
최근에는 소망교도소 직원이 김호중에게 금전을 요구하며 협박한 사실이 드러났으나,
김호중은 거래를 하지 않고 즉시 신고한 것으로 전해졌다.
이 내용도 심사에 영향을 줄 가능성이 있다.
그는 지난해 강남구 신사동에서 택시를 들이받고 도주한 뒤,
매니저에게 허위 자수를 시킨 혐의까지 받아 논란이 컸다.
[전체 기사 전문]
음주운전 뺑소니 혐의로 수형생활 중인 가수 김호중(34)이 ‘성탄절 특사’ 가석방 심사 대상에 이름을 올렸다.
5일 법조계에 따르면 김호중은 법무부 산하 가석방심사위원회의 성탄절 가석방 심사 대상이 됐다.
김호중은 지난 5월 음주 운전 뺑소니 혐의로 징역 2년 6개월을 선고받아 서울구치소에 수감됐다가 8월 민영교도소인 소망교도소로 이감돼 복역 중이다.
성탄절 가석방은 성탄절 전날인 24일 시행된다. 유기형 수형자는 형기의 3분의 1 이상이 지나면 심사 대상 요건을 갖추게 된다. 이와 함께 교정 성적, 건강 상태, 생활 반경 등 재범 위험성을 고려해 일정 조건이 충족될 시 포함된다. 다만, 김호중의 경우 여론 반응도 참작 요소가 될 거란 전망이다.
이런 가운데 소망교도소의 한 직원이 김호중에게 금전 차용을 요구하고 협박했으나 이뤄지지 않은 것으로 밝혀져 논란이 됐다. 김호중은 실제 금전 거래를 하지 않았으며 다른 교도관에 알리며 문제 발생을 사전에 잘라낸 것으로 알려졌다.
지난해 11월, 1심 재판부는 김호중에 대해 징역 2년 6개월의 실형을 선고했다. 이후 김호중, 검찰 측 모두 항소했으나 2심에서도 원심과 같은 형을 선고받았다. 결국 상고를 포기, 형을 확정했다. 형기를 모두 채울 시 내년 11월 출소 예정이다.
김호중은 지난해 5월 서울 강남구 신사동 도로에서 차를 몰다 택시를 들이받은 뒤 도주하고 매니저에게 허위 자수를 시킨 혐의를 받는다. 당시 매니저가 대리 자수했으며 소속사 관계자들도 사고 증거 인멸을 시도한 혐의로 재판에 넘겨졌다. 김호중은 사고 17시간 뒤 경찰에 출석했으며 ‘술타기’ 의혹도 제기됐다.
김호중은 지난해 결심 공판에서 “같은 실수를 반복하지 않는 삶을 살겠다”며 선처를 호소했다.
한편 지난 2011년 상습도박 혐의로 실형을 선고받았던 방송인 신정환이 성탄절 가석방된 바 있다.",2025-12-06T02:00:06.185446
11485496,"박나래, 전 매니저 수억 요구했다… “근거 없는 주장, 법적 대응”",,증권,stock,김승혜 기자ksh61226@mkculture.com,2025-12-05T18:27:47+09:00,https://www.mk.co.kr/news/stock/11485496,https://pimg.mk.co.kr/news/cms/202512/05/news-p.v1.20251205.d775922816bf41c3a72d7ef6e2620566_R.png,"개그우먼 박나래가 전 매니저 두 명으로부터 ‘수억 원대 추가 금품 요구’ 주장에 휘말린 가운데, 소속사 앤파크가 “허위 보고까지 있었다”며 강경 대응을 예고했다. 갑작스러운 문제 제기와 언론 압박 속에서 박나래가 심각한 정신적 충격을 받았다는 사실도 함께 전해졌다.
박나래 소속사 앤파크는 5일 공식입장을 내고 전 매니저들의 ‘갑질·직장 내 괴롭힘·금품 미지급’ 등의 주장에 대해 “현재 정확한 사실관계를 확인 중”이라며 입장을 밝혔다. 이어 “입장 발표가 늦어져 혼란을 끼친 점 사과드린다”고 전했다.
소속사에 따르면 박나래와 약 1년 3개월간 함께 일한 직원 두 명은 최근 퇴사했고, 회사는 법에 따라 퇴직금을 정상 지급했다. 그러나 퇴직금 수령 이후 두 사람이 회사 전년도 매출의 10%에 해당하는 추가 금액을 요구하며 분쟁이 본격화됐다는 설명이다.
사진 확대
박나래가 전 매니저 두 명으로부터 ‘수억 원대 추가 금품 요구’ 주장에 휘말린 가운데, 소속사 앤파크가 “허위 보고까지 있었다”며 강경 대응을 예고했다.사진=MK스포츠 DB
또한 소속사는 “대중문화예술기획업 등록이 지연된 사실을 최근에서야 확인했는데, 이는 문제를 제기한 전 직원들이 당시 ‘등록이 완료됐다’고 허위 보고했던 부분”이라고 지적했다. 해당 직원들은 퇴사한 뒤 이 내용을 언론에 제보했고, 소속사는 취재 문의를 통해 뒤늦게 상황을 알게 됐다고 덧붙였다.
이후 두 사람은 주장과 요구 금액을 계속 확대해 요구액이 수억 원에 이르렀으며, 이는 박나래에게 큰 압박으로 작용한 것으로 알려졌다. 소속사는 “박나래는 갑작스러운 퇴사와 근거 없는 주장, 계속되는 금전 요구와 언론을 통한 압박으로 심리적 충격을 겪고 있다”고 밝혔다.
그러면서 “운영상 부족했던 부분에 대한 책임을 회피할 의도가 없지만, 사실과 다른 주장으로 불필요한 오해가 확산되고 있어 더는 일방적인 요구에 응할 수 없다”며 법적 조치 착수를 공식 선언했다.
마지막으로 소속사는 “정확한 사실은 법적 절차를 통해 명확히 밝혀질 것이다. 추측성 보도로 추가 피해가 발생하지 않도록 신중한 보도를 부탁드린다”고 당부했다.
[김승혜 MK스포츠 기자]",2025-12-06T02:00:07.038530
11485495,“분위기 처지지 않게 잘 유지해야” 3연패 빠진 페퍼 장소연 감독의 주문 [MK현장],,증권,stock,김재호 기자greatnemo@maekyung.com,2025-12-05T18:24:56+09:00,https://www.mk.co.kr/news/stock/11485495,https://pimg.mk.co.kr/news/cms/202512/05/news-p.v1.20251205.adb32595dc034294ba6710944d075237_R.jpg,"최근 3연패 늪에 빠진 페퍼저축은행, 장소연 감독은 어떤 주문을 했을까?
장소연 감독은 5일 장충체육관에서 열리는 ‘진에어 2025-2026 V-리그’ 2라운드 GS칼텍스와 원정경기를 앞두고 가진 인터뷰에서 3연패에 빠진 현재 상황에 대해 말했다.
“전체적으로 큰 틀에서 세터의 안정감이 필요하다”며 말을 이은 그는 “연패 기간에 특정 부분이 안된다기보다는 3연패하면서 분위기 면에서 처지지 않게 잘 유지하자, 가져가자 이렇게 얘기하고 있다”며 분위기를 살리기 위해 노력하고 있다고 설명했다.
사진 확대
장소연 페퍼 감독은 세터 안정과 분위기 유지를 강조했다. 사진 제공= KOVO
2라운드 첫 두 경기 흥국생명과 현대건설을 나란히 3-1로 꺾은 페퍼저축은행은 이후 정관장(1-3) 도로공사(0-3) IBK기업은행(2-3)에게 연달아 지면서 시즌 최다인 3연패 기록했다.
세터 운영과 관련해서는 “두 선수를 적절하게 사용해야 할 거 같다”며 박수빈과 박사랑 두 선수를 모두 기용할 것이라고 밝혔다. “초반에 (박)사랑이를 기용하다 흔들릴 때 (박)수빈이를 기용하고 있는데 두 선수를 상황에 따라 기용하며 안정감을 찾아야 한다”며 설명을 이었다.
1라운드(6경기 86득점)에 비해 2라운드 5경기 69득점으로 득점력이 살짝 떨어진 미들블로커 시마무라에 대한 생각도 전했다.
사진 확대
페퍼저축은행은 박사랑과 박수빈 두 명의 세터를 기용하고 있다. 사진 제공= KOVO
“아무래도 1라운드와 다르게 분석될 것”이라며 말을 이은 장 감독은 “그런 상황에서 다른 선수에게 공을 경기 내용을 가져가고 있지만, 경기중에도 계속 체크하며 점유율이 떨어지면 이를 올리라고 주문하고 있다. 그러나 리시브가 안 되면 연결할 수 없는 상황이 나오다 보니 그런 부분에서 점유율이 나오지 않고 있다”며 공격 점유율을 신경 쓰고 있다고 말했다.
2라운드 들어 5경기 11세트 출전에 그치고 있는 베테랑 아웃사이드 히터 박정아에 대해서는 “최근에 교체되고 그런 상황이 있는데 본인도 스스로 경기를 리뷰하고 있고 선수와 얘기를 하고 있다. 이런 것이 필요하다, 저런 것이 필요하다고 대화하고 있다”며 다시 좋은 모습을 되찾기 위해 노력하고 있다고 말했다.
[장충= 김재호 MK스포츠 기자]",2025-12-06T02:00:07.819105
11485494,“외고가 대입에 유리”…서울 지역 외고 6곳 경쟁률 전년보다 상승,,증권,stock,안병준 기자anbuju@mk.co.kr,2025-12-05T18:24:13+09:00,https://www.mk.co.kr/news/stock/11485494,https://pimg.mk.co.kr/news/cms/202512/05/news-p.v1.20251204.a4a710acf1c14468a10392c441888b32_R.png,"서울 외고 6곳 경쟁률 1.75대 1
전년 1.61대 1보다 상승
서울국제고 전년과 유사
자사고는 전년 대비 하락
사진 확대
지난달 열린 대원외고 최종입학설명회. [대원외고]
서울 지역 외국어고의 경쟁률이 지난해보다 상승했다. 내신 5등급제 도입·고교학점제 등으로 크게 바뀐 대학 입시 제도 하에서 외고의 경쟁력이 학부모와 수험생 사이에서 부상하고 있기 때문이다.
5일 서울특별시교육청에 따르면, 지난 3일부터 이날까지 모집한 2026학년도 국제고·외국어고·자율형 사립고(자사고) 원서접수 결과 서울 지역 외국어고 6곳의 입학전형 지원율은 일반전형 1.75대 1로 지난해(1.61대 1)보다 상승했다.
일반전형에서 명덕외고의 지원률이 1.99대 1로 가장 높았으며, 대일외고(1.83대 1), 대원외고(1.78대 1), 이화여자외고(1.76대 1), 한영외고(1.67대 1), 서울외고(1.51대 1) 순이었다. 사회통합전형의 경우 외고 6곳의 지원율은 0.79대 1로 지난해(0.80대 1)와 유사했다.
이처럼 외고의 경쟁률이 높아진 것은 내신 5등급제로 전환되면서 이전보다 내신 등급에 대한 부담이 줄어든 데다, 일반고보다 교육 과정이 차별화되어 있어 수시 학생부 종합 전형에서 유리한 위치를 차지할 수 있기 때문인 것으로 분석된다.
입시 업계 관계자는 “일반고보다 심화된 교과과정에서 우위가 있어 수시에서 유리한데다 최근 압도적인 대입실적을 자랑하면서 관심이 쏠리고 있다”고 말했다.
반면, 하나고를 제외한 서울 방식 자사고 14곳의 지원율은 일반전형 1.17대 1, 사회통합전형 0.36대 1로 지난해보다 모두 하락했다. 작년에는 일반전형과 사회통합전형 지원률이 각각 1.24대 1, 0.43대 1이었다.
하나고는 일반전형 2.96대 1로 전년(2.79대 1)보다 소폭 상승했고, 사회통합전형은 1.28대 1로 지난해(1.43대 1)보다 소폭 하락했다.
서울국제고의 일반전형과 사회통합전형 지원률은 각각 2.60대 1, 1.40대 1로 지난해와 유사했다. 작년에는 일반전형과 사회통합전형 지원률이 2.60대 1, 1.48대 1이었다.
올해 고입에서는 전년 대비 서울 지역 중학교 3학년 학생 수가 2823명 증가했다. 자사고였던 대광고가 일반고로 전환해 자사고 모집 정원은 전년 대비 249명 감소했다.",2025-12-06T02:00:08.586469
11485490,AI 넘어 ASI 가리킨 손정의…이재명 대통령과 70분간 협력논의,,증권,stock,오수현 기자so2218@mk.co.kr,2025-12-05T18:09:10+09:00,https://www.mk.co.kr/news/stock/11485490,https://pimg.mk.co.kr/news/cms/202512/05/news-p.v1.20251205.5e5a70c5b4c34ccaa3800383e6206c39_R.jpg,"손정의 회장, 李대통령 예방
“ASI는 인간 두뇌의 1만배
조화롭게 살아갈 고민해야”
李 “AI, 상하수도처럼 써야”
韓에 반도체설계 ‘Arm스쿨’
사진 확대
이재명 대통령이 5일 서울 용산 대통령실청사에서 손정의 소프트뱅크 회장을 만나 악수하고 있다. [김호영 기자]
이재명 대통령이 5일 용산 대통령실에서 손정의 소프트뱅크 회장을 만나 인공지능(AI) 분야 협력 방안을 70여 분 동안 논의했다. 손 회장은 오픈AI 등과 스타게이트 프로젝트를 주도하며 AI 분야에 대대적 투자를 진행 중이다.
이 대통령은 손 회장에게 “AI 기본사회라고 하는 개념으로 대한민국 모든 국민, 모든 기업, 모든 집단이 AI를 최소한 기본적으로 활용하는 사회를 만들어보려고 한다”고 포부를 밝혔다.
이어 “AI를 상수도·하수도·도로처럼 모든 국민, 모든 국가가 함께 누리는 초보적 인프라스트럭처로 활용할 수 있다고 믿는다”고 강조했다. AI 3대 강국을 내건 이 대통령은 특히 한일 간 AI 협력의 중요성을 언급하며 손 회장에게 가교 역할을 요청했다.
손 회장은 이날 “인간의 두뇌보다 1만배 더 뛰어난 초인공지능(ASI)이 다음번에 임박한 기술”이라고 강조했다.
손 회장은 “(현재 보급된) 챗GPT 5.1은 박사학위 테스트를 통과할 수 있을 정도의 지능을 확보하게 됐다”며 인공일반지능(AGI) 시대는 이미 도래했다는 입장을 밝혔다. 그러면서 “이제는 우리가 AI를 통제하고, 가르치고, 관리하려는 생각에서 벗어나 AI와 함께 조화롭게 살아가고 어떻게 동기화할지를 고민해야 할 때”라고 말했다.
사진 확대
이재명 대통령이 5일 서울 용산 대통령실청사에서 손정의 소프트뱅크 회장을 접견하고 있다. [김호영 기자]
손 회장은 김대중 전 대통령부터 역대 한국 대통령들과 만나 기술 발전 방향에 대한 통찰을 제시해왔다. 그는 “김대중 대통령을 만날 땐 브로드밴드를 강조했고, 문재인 대통령에겐 AI를 강조했다”며 “이번에 (이 대통령에게) 드리고 싶은 말씀은 ASI”라고 했다. 그러면서 “앞으로 모든 국가와 기업은 ASI 시대를 준비해야 하고, 국민에게 보편적 접근권을 보장할 수 있도록 역량을 집중해야 한다”고 제안했다.
이 대통령과 손 회장은 이날 만남에서 글로벌 반도체 시장에서 한국이 상대적으로 열세를 보이는 시스템(비메모리) 반도체 분야 경쟁력을 강화하기 위해 협력하기로 합의했다. 이에 따라 소프트뱅크 자회사이자 세계 최고 반도체 설계 기업으로 꼽히는 암(Arm)이 반도체 설계 인력을 양성하는 ‘암스쿨’을 한국 내 설치하고 향후 5년간 1400명의 인력을 집중 배출하기로 했다.
이날 면담에는 손 회장 외 러네이 하스 암 대표와 김용범 정책실장, 배경훈 부총리 겸 과학기술정보통신부 장관이 배석했다.
■ 용어설명
▶▶ 초인공지능(ASI) : 과학·예술·감정 등 모든 영역에서 인간 최고 수준의 두뇌를 초월하는 AI를 가리키는 이론적 개념. 스스로 능력을 키우고 발전하는 능력까지 갖는다.",2025-12-06T02:00:11.032464
11485487,AI·원전·조선이 이끈 올해 증시 2026년 새로운 주도 섹터는 어디?,,증권,stock,박지훈 기자parkjh@mk.co.kr,2025-12-05T18:05:06+09:00,https://www.mk.co.kr/news/stock/11485487,https://pimg.mk.co.kr/news/cms/202512/05/news-p.v1.20251205.8c968e533bdc4ab4b2dde58f616601df_R.jpg,"사진 확대
올해 10월 하순 한국 주식시장에서 유래가 없던 코스피 4000선을 넘어섰다. 지난 6월 20일, 3년 6개월 만에 3000선을 회복한 지 불과 4개월 만이었다. 반도체 슈퍼 사이클이 이끄는 기업 실적 개선에 더해 미중·한미 무역 협상 타결 예상, 미국 금리 인하 기대 등이 맞물려 지수를 끌어올렸다는 평가가 지배적이다.
숫자를 가만히 들여다보면 이번 상승세는 꽤나 정직한 곡선을 그리고 있다. 올 한해 한국 주식시장은 “실적이 보이는 곳으로 돈이 몰렸고, 그 돈이 끝내 대형주를 떠나지 않았다”는 문장으로 정리된다.
먼저, AI 반도체 슈퍼사이클은 자타공인 올해 증시 상승세의 주요 원인으로 꼽힌다. 글로벌 AI 데이터센터 투자가 폭발하면서 메모리, 특히 HBM 수요가 급증했고, 그 수혜가 삼성전자와 SK하이닉스의 실적 가시성을 단숨에 끌어올렸다. 시장은 “이번 사이클은 분기 단위로 확인되는 실적 사이클”이라고 받아들이며 주가에 프리미엄을 얹었다.
두 번째는 정책 모멘텀이다. ‘밸류업’ 정책이 제도화되며 저PBR 대형주에 재평가가 붙었다. 지배구조 개선과 주환원 강화가 현실화될 수 있다는 기대가 한국 시장의 구조적 할인 요인을 줄일 거라는 논리로 이어졌고, 외국인 자금이 돌아올 명분이 생겼다.
마지막은 수급의 질적 변화다. 2025년 외국인 매수는 ‘코스피 핵심 산업군’에 집중됐다. 과거처럼 시장 전체를 넓게 사는 방식이 아니라, AI·수주·금융처럼 실적이 확인되는 영역을 강하게 사들이는 형태였다. 이 세 가지가 겹치면서 2025년 코스피는 경기와 유동성에 흔들리는 시장에서 한 단계 올라서, AI 인프라와 국가 전략산업이 주도하는 구조적 성장장으로 성격이 바뀐 모습이다.
올해 시장을 끌어간 섹터는 명확했다. 연초 이후 11월 20일까지 코스피 상승률 Top50의 평균 수익률이 200%를 훌쩍 넘길 만큼 상승이 특정 군집에 집중됐는데, 그 군집의 중심축은 AI 인프라였다. 먼저 반도체는 메모리 양대 축의 강세로 시작했지만, 2025년의 확산은 밸류체인 전체로 번졌다. AI 서버가 고사양화되면서 HBM뿐 아니라 패키징과 기판, PCB 수요가 폭증했고, 이에 연결된 부품사들의 실적 기대가 현실로 옮겨가자 주가가 가파르게 달렸다.
이 흐름 위에서 두 번째로 커진 축이 전력 기기다. AI는 전기를 먹고 큰다는 사실이 시장을 재정의했다. 데이터센터 증설이 글로벌 전력 부족을 불러오면서 변압기와 배전, 송전망 투자가 급증했다.
증권가에서는 “전력기기 업체들은 수주 잔고가 실적으로 직결되는 산업 특성을 바탕으로 ‘AI 인프라의 동반자’로 재평가 받아 전력 섹터의 연장선에서 원전주도 구조적 주도주로 자리잡았다”라고 설명한다.
전력 수요를 장기적으로 감당할 기저 전원에 대한 선호가 커지면서 대형 원전과 SMR 기대가 동시에 커졌고, 원전 EPC·기자재 기업들은 ‘정책+수주’의 결합으로 실적 가시성이 높아진 모습이다. 여기에 조선, 방산, 기계 같은 수주 산업이 2025년의 또 다른 주역으로 올라섰다. LNG 중심의 고부가 선종 수주와 선가 상승으로 조선은 구조적 실적 개선 구간에 들어섰고, 방산은 유럽·중동 수출이 본격화되면서 ‘테마가 아니라 수출 산업’으로 분류가 바뀌었다. 2025년 섹터 로테이션을 한 줄로 줄이면 ‘반도체 AI 파도 위에 전력·원전이라는 두 번째 파도가 올라타고, 그 위로 조선·방산이라는 수주 산업이 확장한 해’였다.
코스피 상승률 Top20이 보여준 ‘올해의 승자’
사진 확대
상승률 상위 종목은 시장의 결을 숨김없이 드러낸다. 연초 대비 200% 넘게 오른 종목들이 즐비한데, 그 중심엔 AI-전력-수주-정책 리레이팅 네 축이 있다. 대표적으로 SK하이닉스가 200%가 넘는 상승률로 반도체 슈퍼사이클의 얼굴이 됐고, 이수페타시스·대덕전자·코리아 써키트 같은 기판·PCB 기업들이 200~400%대 상승으로 뒤따랐다. AI 서버와 HBM 확산이 밸류체인의 ‘옆자리’까지 실적 기대를 밀어 올린 결과다. 전력기기 분야에서 효성중공업은 400%를 웃도는 상승률로 상위권에 자리했고, 이는 전력기기가 AI 인프라의 핵심 부품으로 읽히기 시작했다는 신호였다. 원전 섹터를 대표하는 두산에너빌리티도 300% 넘는 상승으로 정책과 수주 모멘텀이 결합된 장세를 반영했다. 조선·방산·기계 수주 산업 역시 Top20에 다수 포진했다.
한화오션, HJ중공업, HD현대마린엔진 같은 조선·해양 관련 종목은 수주 잔고와 선가 상승이 주가로 전이된 전형적인 실적 장세였고, 현대로템과 엠앤씨솔루션 같은 방산 관련주도 수출 모멘텀을 등에 업고 급등했다.
흥미로운 점은 K-소비재의 부활이다. 에이피알과 제이준코스메틱 같은 뷰티·소비재 종목이 상위권에 오른 것은, 2025년 강세장이 산업 전반의 실적 회복과 수출 개선까지 ‘폭’을 넓혀갔음을 보여준다.
사진 확대
지난 10월 27일 4000 선을 돌파한 코스피
상대적으로 부진했던 코스닥, 개별 종목은 강했다
코스닥 지수만 보면 2025년은 분명히 상대적 약세의 해였다. 그러나 종목 단위로 들어가면 이야기가 완전히 바뀐다. 코스닥 상승률 Top 20에는 수백퍼센트, 심지어 천퍼센트 넘는 상승률이 등장한다. 씨어스테크놀로지, 로보티즈, 원익홀딩스 같은 종목들이 700~1100%대 상승률로 상단을 채웠고, 바이오·신약 플랫폼 기업들이 상위권을 광범위하게 점유했다. 디앤디파마텍, 올릭스, 큐리언트, 에이비엘바이오, 펩트론 등은 임상 진전이나 기술 가치 재평가가 맞물리며 ‘확률이 높아진 성장’에 시장이 프리미엄을 몰아준 사례다.
동시에 로봇과 자동화, 그리고 AI 반도체 부품주가 Top20에 함께 섞였다. 클로봇, 로보티즈 같은 로봇주가 강했던 건 AI가 산업 응용 단계로 확장되며 자동화 수요가 현실로 연결되었기 때문이고, 티엘비·심텍·코세스 같은 IT부품·장비주는 코스피 반도체 대형주의 실적 파도를 코스닥에서 흡수한 결과다. 데이터로 보면 코스닥 상승 Top50 평균 수익률은 코스피 Top50 평균보다 훨씬 높다. 즉 코스닥은 ‘지수로는 소외됐지만, 맞는 종목을 고르면 알파가 훨씬 큰 시장’이었던 셈이다. 2025년 코스닥의 본질은 ‘약세장 속 선별적 폭등’이었다.
강세장은 늘 그림자를 만든다. 하락률 상위 종목들을 살펴보면 그늘의 방향도 분명하다. 코스피 하락 상위에는 2차전지 밸류체인과 관련 소재·테마 종목이 반복적으로 등장한다. 올해 2차전지 산업은 공급 과잉과 판가 하락, 전방 수요 둔화 논란이 겹치며 길게 조정받았고, 업황의 ‘바닥 확인’이 시장 기대보다 늦어지면서 주가의 프리미엄이 빠르게 소거됐다. 코스닥의 하락 상위는 더 극단적이다. 낙폭 -70~-90%대 종목이 다수라는 사실은 코스닥이 여전히 위험자산 선호와 유동성 환경에 가장 민감한 시장임을 보여준다. 성장주의 구조적 디레이팅 구간에서 신약 실패, 실적 부재, 재무 불안 같은 이벤트가 낙폭을 증폭시킨 것이다. 상승 Top50 평균 수익률이 코스닥에서 더 높았던 것처럼, 하락 Top50 평균 낙폭도 코스닥에서 훨씬 깊었다. 2025년 코스닥은 승자와 패자의 간극이 유난히 컸던 해였다.
그렇다면 왜 코스피는 역사적 강세장인데 코스닥은 뒤처졌을까?
가장 큰 이유는 지수 구조 자체의 차이가 꼽힌다.
증권업계 한 관계자는 “코스피는 반도체, 전력·원전, 조선·방산, 금융처럼 2025년에 ‘실적이 당장 현실화된 업종’의 비중이 높은 반면 코스닥은 바이오와 2차전지 비중이 크다”라며 “시장이 실적 장세로 전환된 해에, 코스닥의 주력 업종은 여전히 ‘기대에서 검증으로 넘어가는 산업’이 주를 이루고 있다”라고 평가했다.
수급도 이를 강화했다. 2025년 외국인과 기관은 대형 반도체와 수주 산업, 밸류업 수혜 금융으로 매수를 집중했고, 코스닥은 개인 중심의 단기 모멘텀과 테마 매매가 주된 힘이었다. 대형주 중심 실적 장세가 커질수록 코스닥은 상대적으로 소외될 수밖에 없다. 게다가 올해 시장은 금리 인하 기대가 커지는 와중에도 성장주를 무조건 사주지 않았다. AI처럼 실적 전환이 이미 시작된 성장에는 프리미엄을 줬지만, 실적이 내년 이후에야 확인될 성장에는 냉정했다. 그래서 코스닥은 약했지만, 확률이 높아진 바이오·로봇·AI부품에는 돈이 몰리는 ‘좁고 깊은’ 강세가 나타났다.
반도체와 AI인프라 새해에도 유망
사진 확대
내년 전망에서 주요 증권사들이 공통으로 제시하는 축은 비교적 단순하다. 반도체와 AI 인프라는 2026년에도 최상위 선호 섹터로 꼽힌다. 데이터센터 투자와 서버 교체 사이클이 이어지고, HBM 중심 메모리 업황이 장기화될 가능성이 높다는 판단 때문이다.
이 AI 수요가 만들 전력 부족은 전력기기·그리드 투자 확대를 계속 자극할 것이고, 원전과 SMR은 장기 기저 전원 투자라는 흐름 속에서 수주 모멘텀을 이어갈 것이란 전망이다. 조선과 방산도 수주 잔고가 충분하고 수출 시장이 넓어지는 구조 덕분에 주도 업종의 연장선에 놓여있다. 다만 하우스별로 조금씩 다른 지점은 ‘알파는 어디서 나오느냐’에 있다. 2025년에 소외된 2차전지나 바이오가 업황 턴을 확인하는 시점이 오면 강한 반발력이 나올 수 있다는 시각도 제기된다.
김철중 미래에셋증권 연구원은 보고서를 통해 “2026년 2차전지 섹터를 두고 P(판가)·Q(출하) 다운사이클이 마무리 국면에 들어서고, EV 라인의 ESS 전환과 글로벌 ESS 수요 급증이 ‘사이클 전환’의 핵심 동력이 될 것”이라고 진단했다. 즉, 전기차 중심의 단선적 성장 스토리에서 전력·AI 인프라 확산에 따른 ESS 수요가 업황 바닥을 끌어올리는 구조로 바뀌는 변곡점을 2026년에 예상한 셈이다. 바이오도 비슷한 논리다. 유진투자증권은 2026년 전망 보고서를 통해 “2025년은 본격적인 수익 실현이 예정된 2026년으로 다리를 놓아주는 전략적 연결의 시기”라고 정의하며 “파이프라인 성과가 실적과 기업가치 재평가로 이어지는 구간이 2026년에 본격화될 수 있다”라고 전망했다. 결국 기술이전·후기 임상 진전·상업화 가시성이 확인되는 순간, 2025년 내내 눌렸던 밸류에이션이 빠르게 되돌림을 시도할 가능성이 크다는 얘기다. ESS 중심의 배터리 수요 회복이나 주요 바이오 파이프라인의 임상 진전이 가시화되면 코스닥의 상대 강세 구간이 열릴 수 있다는 논리다.
밸류업 정책의 연속성도 변수다. 정책이 지속된다면 금융·지주 등 저PBR 섹터가 한국 증시 리레이팅의 바닥을 받칠 가능성이 크고, 반대로 정책이 느슨해지면 상승 폭이 컸던 대형주의 숨 고르기와 함께 성장주 로테이션이 빨라질 수 있다. 증권가에서는 2026년의 기본 프레임은 ‘주도 업종 지속’이라는 큰 강 위에, ‘소외 업종의 턴어라운드가 언제 합류하느냐’라는 지류가 더해지는 구조를 예상하는 목소리가 많다. 결국 2025년은 한국 증시가 달라졌음을 수치와 흐름으로 확인한 해다. AI 인프라가 시장의 방향을 결정했고, 전력·원전이 그 인프라의 일부로 재정의됐으며, 조선·방산은 한국이 가장 잘하는 수주 산업이 다시 세계의 중심으로 돌아왔다는 사실을 증명했다. 코스닥은 지수로는 부진했지만, 확률이 높아진 성장주에만 강하게 베팅하는 선별적 시장으로 바뀌었고 그 안에서 알파가 만들어졌다. 대형주는 지수를, 성장주는 수익의 기회를 만든 이중 구조가 2025년 한국 증시의 진짜 얼굴이었다.
[박지훈 기자]
[본 기사는 매경LUXMEN 제183호 (2025년 12월) 기사입니다]",2025-12-06T02:00:12.841811
11485486,"하엘, 푸단대와 상호협력 MOU···기능성 화장품 중국진출 본격화",,증권,stock,오재현 기자ohhhhho@mk.co.kr,2025-12-05T18:03:43+09:00,https://www.mk.co.kr/news/stock/11485486,https://pimg.mk.co.kr/news/cms/202512/05/news-p.v1.20251205.80f62c358af847cc86acd4f19ccfce38_R.jpg,"사진 확대
(주)하엘 김준 대표(오른쪽)가 지난 4일 중국 상하이에서 푸단대학교 장강연구원 후젠화 원장과 기능성화장품 상호협력 양해각서(MOU)에 서명하고 있다.
바이오 헬스케어 전문 기업 ㈜하엘이 중국 명문 푸단대학교와 양해각서(MOU)를 맺고 본격적인 중국 시장 진출에 시동을 걸었다.
하엘의 김준 대표는 지난 4일 중국 푸단대학교(Fudan University) 장강연구원의 초청을 받아 현지에서 후젠화 원장과 상호협력 양해각서(MOU)에 서명했다.
양해각서에는 식약처개별인증을 받은 주름개선 기능성화장품 ES1과 항진균 여성청결제 원료 PDC 등 하엘이 개발한 화장품 원료의 중국 내 판매 및 향후 신제품 개발에 상호 협력한다는 내용이 담겼다.
양해각서에 따라 푸단대학교 장강연구원은 중국 전역에 ㈜하엘의 제품을 소개하고 협력사를 추천하는 역할을 맡게 된다.
이번 양해각서는 지난 9월 말 하엘을 방문한 장강연구원 대표단과의 협력 방안 후속 조치로, 하엘은 기능성 화장품의 본격적인 중국 시장 진출 발판을 마련하게 됐다.
이날 김준 대표는 장강연구원 피부과학연구소 연구원들과 별도의 간담회를 갖고 기능성 화장품 성장 전망과 개발, 중국 시장 확장 전략 등을 논의했다.
한편 이번 장강연구원 방문단에 합류한 상상바이노(공동대표 이영상·금상엽)는 ㈜하엘과의 공동연구를 통해 간기능식품과 PET(반려동물) 영양제를 개발하고 마케팅 협력도 진행하기로 현지에서 합의했다.",2025-12-06T02:00:13.574135
11485484,“PC방 가면 본명 때문에 욕 많이 먹는다”…개명 결심한 강남,,증권,stock,이상규 기자boyondal@mk.co.kr,2025-12-05T18:01:11+09:00,https://www.mk.co.kr/news/stock/11485484,https://pimg.mk.co.kr/news/cms/202512/05/news-p.v1.20251205.a6c95763ca274756b22fc27459174592_R.jpg,"사진 확대
‘빙속여제’ 이상화의 남편이자 가수 겸 방송인 강남이 개명을 결심했다. [사진출처 = 영상 캡처]
‘빙속여제’ 이상화의 남편이자 가수 겸 방송인 강남이 개명을 결심했다.
강남은 4일 자신의 유튜브 채널 ‘동네친구 강나미’에 “한국 귀화 4년 차 강나미 드디어 개명 결심!? 철학관 3곳에서 새로운 이름 받기 이름으로 그것까지 보여요?”라는 제목의 영상을 공개했다.
자신이 귀화한지 3년 됐다는 강남은 “제가 이름을 바꾼다고 했는데 아직 안 바꾸고 있다”라고 말했다.
아직 일본 이름을 사용하는 이유에 대해 강남은 “일본에서 정리할게 너무 많아서 갑자기 이름을 바꿔 버리면 너무 힘들다”며 “신용카드, 포인트 카드, 마일리지에 다 ‘나메카와 야스오’로 돼 있다”고 설명했다.
강남은 또 “야스오라는 이름이 한국에서 그렇게 막 좋은 이름이 아니다”라며 “PC방 가면 욕을 많이 듣는다. 왜 그렇게 야스오를 욕하냐. 그때 상처받아서 롤을 끊었다”라고 토로했다.
성을 무엇으로 할지 고민중이라는 강남은 “상화씨 성으로 가든지”라며 “강남이라는 사람이 상화씨 집에 들어간 거랑 똑같다”라고 했다.
그러면서 아내 성인 이씨와 모친 성인 권씨를 고민중이라고 강남은 전했다. 이후 강남은 이름을 짓기 위해 철학관을 방문했다.
작명가는 이씨보다 권씨 성을 추천하면서 여러 이름을 소개했다. 이중 강남은 “권이도가 제일 마음에 쏙 들어온다”고 관심을 보였다. 이씨로는 이준재를 택했다.",2025-12-06T02:00:14.866029
11485483,탄소중립에 적합한 폐아스콘 재활용 기술 주목,,증권,stock,오재현 기자ohhhhho@mk.co.kr,2025-12-05T17:58:44+09:00,https://www.mk.co.kr/news/stock/11485483,https://static.mk.co.kr/facebook_mknews.jpg,"(사)한국아스팔트학회(회장 최재순)는 지난 4일 한국과학기술회관에서 ‘기후위기대응 탄소중립과 K-도로포장’라는 주제로 ‘2025년 정기 학술대회’를 개최했다고 밝혔다.
이 자리에선 ‘탄소중립 기술’과 ‘기후변화와 아스팔트포장의 역할과 활용’ 등의 주제가 발표되었다. 특히 ‘지속가능한 탄소중립포장 아스콘의 정책적 활용과 보급’이라는 주제로 발표한 (주)서원 리출선 대표는 친환경 비가열방식으로 폐아스콘을 아스팔트도로포장 기층재로 재활용하는 ‘아이콘(iCON) 기술’을 소개해 눈길을 끌었다.
이 기술은 지난 1997년 7월 건설신기술 제192호로 인증받은 바 있다. 당시만 해도 아스콘을 가열하지 않고 비가열 방식으로 폐아스콘 재활용하는 기술은 신개념의 혁신적 신기술이었다. 지난 2001년 서울월드컵경기장건설 당시 한국건설기술연구원에 공급원 승인을 받아 성공적으로 적용된 것으로 전해졌다.
리 대표는 “상온 재생아스콘을 개발하고, 상온아스콘배치식 플랜트특허와 폐아스콘재활용을 2001년 9월 환경부에 직접 건의한 바 있다”며 “최근 기존 가열식 플랜트에서도 상온아스콘을 생산할 수 있는 하이브리드 아스콘플랜트 특허를 또다시 획득했다”고 전했다.
리 대표는 폐아스콘을 비가열 친환경적으로 지속가능하게 하여 도로포장 기층제로 100% 재활용하는 신기술의 제품명을 ‘아이콘 (iCON)’으로 작명하여 내년 4월부터 공급한다고 밝혔다.",2025-12-06T02:00:15.602334
11485481,"“더불어 삶은 선택 아닌 필수”…코레일유통, ‘지역 상생’ 공로 인정받았다",,증권,stock,최기성 기자gistar@mk.co.kr,2025-12-05T17:55:31+09:00,https://www.mk.co.kr/news/stock/11485481,https://pimg.mk.co.kr/news/cms/202512/05/news-p.v1.20251205.4819c105b06a438c8a459fdefceea9f5_R.jpeg,"사진 확대
[사진제공=코레일유통]
코레일유통(대표 박정현)이 지역사회에 실질적으로 도움이 되는 사회공헌 활동을 적극 펼친 공로를 인정받았다.
코레일유통 경인본부(본부장 임현식)는 5일 영등포구 자원봉사센터가 주관한 ‘2025년 자원봉사자의 날’ 기념행사에서 ‘영등포구의회의장상’을 수상했다.
코레일유통 경인본부는 매년 지역사회 취약계층을 위한 지원 활동을 지속해오고 있으며, 올해는 영등포 지역의 취약계층과 이동노동자, 지역 아동·청소년 등을 지원하는 활동을 펼쳤다.
여름철 폭염 기간에는 이동노동자에게 생수 지원하고, 지난 2일에는 영등포구 이동노동자 쉼터 2호점 개관에 맞춰 난방용 핫팩을 기부해 노동자들의 휴식 환경 개선에 힘을 보탰다.
올해 초에는 노숙인 대상으로 캔커피 나눔을 진행하는 등 필요한 도움을 꾸준히 이어왔다.
이와 함께 코레일유통 경인본부는 발달장애 아동과 지역 장학생들에게 장학금을 전달하고, 지역 사회단체를 통한 정기 후원 활동을 지속하며 사회적 관심이 필요한 이웃들의 생활 여건을 세심하게 살펴왔다.
코레일유통 임현식 본부장은 “지역사회가 필요로 하는 곳에 도움을전하는 것은 공공기관으로서의 중요한 역할”이라며 “소외된 이웃이나 지역 주민들의 생활 안정을 위해 현장에서 의미 있는 활동을 계속 이어가겠다”고 말했다.",2025-12-06T02:00:16.946420
11485480,"‘AI 인프라’ 아크릴, 일반청약 증거금 5.95조원 모아",,증권,stock,우수민 기자rsvp@mk.co.kr,2025-12-05T17:49:45+09:00,https://www.mk.co.kr/news/stock/11485480,https://pimg.mk.co.kr/news/cms/202512/05/news-p.v1.20251205.e123586bb1da4edda1175f8d8f1c22c3_R.jpg,"청약 경쟁률 1130.3대 1
사진 확대
인공지능(AI) 인프라 기업 아크릴이 일반투자자 대상으로 지난 4~5일 청약을 진행한 결과 경쟁률 1130.33대 1(비례경쟁률 2259대 1)을 기록했다고 5일 밝혔다.
청약 증거금은 약 5조9500억원으로 집계됐다. 회사는 오는 16일 코스닥시장에 상장할 예정이다.
앞서 진행한 기관투자자 대상 수요예측에서 아크릴은 공모가를 희망범위 상단에 확정했다. 참여 수량 기준 100%(미제시 포함)가 희망범위 상단 이상 가격을 제시했다.
아크릴은 이후 당초 180만주였던 공모주식수를 216만주로 20% 확대했다. 이에 따라 확정 공모가 1만9500원 기준 공모액은 기존 351억원에서 421억원으로 늘었다. 상장 후 시가총액은 1556억원이다.
아크릴은 공모자금을 그래픽처리장치(GPU) 서버·스토리지 구입, 국내외 마케팅·인증, 해외지사 설립 등에 활용할 방침이다.",2025-12-06T02:00:17.626612
11485478,"개미마을에 연탄 나른 금감원, 금융권 온기 배달",,증권,stock,김혜란 기자kim.hyeran@mk.co.kr,2025-12-05T17:47:52+09:00,https://www.mk.co.kr/news/stock/11485478,https://pimg.mk.co.kr/news/cms/202512/05/news-p.v1.20251205.8354838057e14f14ae6669c1ffbce6fd_R.jpg,"금융권 합동 나눔활동 실시
연탄 4000장 직접 배달도
사진 확대
이세훈 금융감독원 수석부원장(오른쪽에서 두 번째)이 5일 서울 서대문구 개미마을에서 금융권 관계자들과 연탄을 나르고 있다.
금융감독원이 5일 서울 서대문구 개미마을을 찾아 금융권과 함께 연탄과 난방유를 전달하는 ‘사랑의 온기 나눔’ 봉사활동을 진행했다. 금감원은 2006년부터 매년 겨울 동절기 취약계층을 돕는 나눔 활동을 이어오고 있다.
금감원과 서민금융진흥원, 신용회복위원회, 은행연합회, 생명·손해보험협회, 저축은행중앙회, 여신금융협회, 코스닥협회, 우리은행, 케이뱅크 등 금융권 참여기관은 공동 후원금을 마련해 연탄은행에 연탄 10만장과 난방유 5400L를 기부했다.
이 가운데 연탄 4000장과 난방유 600L는 이세훈 금감원 수석부원장을 비롯한 참석자들이 직접 독거노인과 영세가구에 배달했다.
이 수석부원장은 “이번 활동을 계기로 이웃과의 상생 노력이 지역 사회에 더욱 확산될 수 있기를 기대한다”며 “금감원도 금융권과 함께 나눔 활동을 지속해 나가겠다”고 말했다.",2025-12-06T02:00:18.951677
11485477,‘편스토랑’ 박솔미 “문정희 첫인상? 날라리인 줄”,,증권,stock,양소영 기자skyb1842@mkinternet.com,2025-12-05T17:46:20+09:00,https://www.mk.co.kr/news/stock/11485477,https://pimg.mk.co.kr/news/cms/202512/05/news-p.v1.20251205.628249ced9f046ef9f70ca73abf0ebd6_R.jpeg,"사진 확대
‘편스토랑’ 사진|KBS
‘편스토랑’ 문정희, 박솔미, 박효주 20년지기 절친 여배우 3인이 뭉친다.
5일 방송되는 KBS2 ‘신상출시 편스토랑’(이하 ‘편스토랑’)에서는 문정희가 20년 지기 절친 박솔미와 박효주를 초대한다. 편셰프 첫 등장부터 전국 각지의 건강하고 맛 좋은 식재료들을 직접 구입하는 고급 정보를 공개하며 ‘산지직송 문길동’이라는 별명을 얻은 문정희가 과연 절친들에게 어떤 산지직송 요리들을 선보일지 기대된다.
공개되는 VCR 속 문정희는 아침부터 오일장을 다녀오는 등 손님 초대 요리를 위해 분주하게 움직였다. 잠시 후 문정희의 절친, 배우 박솔미와 박효주가 등장했다. 문정희는 두 사람을 반갑게 맞이하자마자, 곧바로 두 사람에게 “만두를 빚는 게 우리 집 룰이야”라며 만두 빚기 미션을 줘 눈길을 끌었다. 박솔미와 박효주는 당황하면서도 이내 만두 빚기에 몰두해 웃음을 자아냈다.
절친 3인방은 푸짐하게 차려진 메뉴들은 폭풍흡입하며 화기애애한 시간을 보냈다. 편셰프 선배 박솔미는 문정희의 수육에 엄지를 번쩍 세우기도. 과연 20년지기 절친 박솔미, 박효주를 사로잡은 문정희의 특급 요리는 무엇일지 주목된다.
여배우 3인방의 수다 파티도 시작됐다. 문정희와 박솔미는 서로의 인생 첫 영화를 함께한 사이라고. 두 사람은 2004년 영화 ‘바람의 전설’에 함께 출연하며 인연을 맺었다.
박솔미는 “난 언니(문정희)가 날라리인 줄 알았다”라고, 심상치 않았던 문정희의 첫인상을 회상했다. 반면 박효주는 “나는 언니(문정희)가 너무 모범생 같았어”라고 정반대의 반응을 보였다고. 그들이 문정희의 첫 인상을 극과 극으로 느낀 이유는 무엇인지, 어디서도 들을 수 없는 여배우 3인방의 솔직 화끈한 수다는 ‘편스토랑’ 본 방송에서 확인할 수 있다.
이날 방송에서는 2025년 마지막 출시 메뉴가 공개되며, 오후 8시 30분 방송된다.
[양소영 스타투데이 기자]",2025-12-06T02:00:19.641738
11485476,"“아내에게 사랑받으세요”…제니퍼룸, 초경량 ‘에어클린 무선 청소기’ 출시",,증권,stock,최기성 기자gistar@mk.co.kr,2025-12-05T17:43:39+09:00,https://www.mk.co.kr/news/stock/11485476,https://pimg.mk.co.kr/news/cms/202512/05/news-p.v1.20251205.7024f64a7b6144f8b48f8bbf75732dc5_R.jpg,"사진 확대
[사진제공=락앤락]
글로벌 생활용품 기업 락앤락의 자회사인 제니퍼룸(Jenniferoom)이 강력한 흡입력과 초경량 설계를 갖춘 신제품 ‘에어클린 무선청소기’를 오는 8일 출시한다.
제니퍼룸은 ‘기분 좋은 일상, 즐거운 공간’을 모토로 YPC(Young, Professional, Contemporary) 고객들의 삶과 공간에 감각적인 즐거움을 더하는 리빙·디자인 가전 브랜드다.
이번에 나온 ‘에어클린 무선청소기’는 8만5,000RPM 초고속 BLDC 모터와 최대 176AW 흡입력을 탑재해 미세먼지부터 바닥 틈새 깊숙한 이물질까지 강력하고 신속하게 제거한다.
먼지통 내부에는 나선형 블레이드 구조의 먼지 분리 기술을 적용해 큰 먼지와 미세 먼지를 단계적으로 분리하고, 꼭 필요한 필터만 구성해 위생적인 청소 환경을 유지할 수 있다.
1.2kg 초경량 바디는 장시간 사용에도 손목 부담을 줄여주며, 700ml 대용량 먼지통은 자주 비워내지 않아도 넓은 공간을 관리할 수 있도록 도와준다.
여기에 별도 구매 가능한 올인원 물걸레 키트를 결합하면 진공청소 후 곧바로 물걸레 청소까지 한 번에 이어 할 수 있어, 청소에 걸리는 시간을 크게 단축할 수 있다.
배터리는 2000mAh 셀 3개를 직렬 구성으로 최대 25분 동안 사용할 수 있으며, 고속 충전도 지원해 실사용 편의성을 높였다.
무타공 거치대가 기본 구성돼 못질 없이 양면 스티커만으로 간편하게 설치할 수 있고, 벽 훼손 걱정 없이 공간을 깔끔하게 활용할 수 있다.",2025-12-06T02:00:20.383857
11485475,“잘 준비됐다. 많이 설레” ‘첫 우승’ 도전 이정효 감독의 기대···“실수에 대한 두려움 떨치고 자신 있게 하길 바라” [MK인터뷰],,증권,stock,이근승 기자specialone2387@maekyung.com,2025-12-05T17:43:15+09:00,https://www.mk.co.kr/news/stock/11485475,https://pimg.mk.co.kr/news/cms/202512/05/news-p.v1.20251205.fa0b8f0a6dfe47a891f036a1598b7802_R.png,"광주 FC 이정효 감독이 첫 우승에 도전한다.
광주는 12월 6일 오후 1시 30분 서울월드컵경기장에서 2025시즌 코리아컵 결승전 전북 현대와의 맞대결을 벌인다.
이 감독은 광주 주장 이강현과 5일 서울월드컵경기장에서 진행된 경기 전 기자회견에 참석했다.
사진 확대
5일 서울월드컵경기장에서 열린 2025 하나은행 코리아컵 결승전 공식 기자회견에서 광주 FC 이정효 감독이 각오를 밝히고 있다. 사진=연합뉴스 제공
이 감독은 “잘 준비된 것 같다”며 “많이 설렌다”고 말했다.
이 감독은 이어 “많은 팬이 광주에서 서울월드컵경기장으로 올라오신다. 많은 눈으로 교통 사정이 좋지 않다. 조심해서 올라오셨으면 한다. 내일 경기장을 찾아주시는 분들, 티브이로 응원해 주시는 분들 모두가 즐거울 수 있도록 부딪혀 보겠다”고 다짐했다.
광주는 최근 흐름이 아주 좋다. 특히, 파이널 라운드(B) 5경기에서 4승 1패를 기록했다. 광주는 최근 5경기에서 6골을 넣고, 1실점만 내줬다.
이 감독은 “그날을 생각하면서 경기를 준비해 왔다”며 “결과도 중요할 것”이라고 짚었다.
이어 “결과보다 설레는 건 우리 선수들의 성장이다. 선수들이 계속해서 성장하고 있다. 내일 코리아컵 결승전이란 경험을 통해서 한 단계 더 성장했으면 한다. 나는 우리 선수들이 더 큰 꿈을 꾸었으면 한다”고 했다.
사진 확대
5일 서울월드컵경기장에서 열린 2025 하나은행 코리아컵 결승전 공식 기자회견에서 광주 FC 이정효 감독과 전북 현대 정조국 코치가 트로피를 두고 악수를 나누고 있다. 사진=연합뉴스 제공
이 감독은 덧붙여 코리아컵 결승전을 앞두고 선수들에게 전한 메시지를 공개했다.
“기사가 어떻게 나갈진 몰라서 조심스럽긴 하다. 오늘 선수들에게 ‘내일 한 번 미쳐보자’고 했다. 축구에 더 몰입하자는 얘기다. 실수에 대한 두려움을 떨치고 자신 있게 하길 바란다. 서울월드컵경기장에 있는 모든 이가 선수를 바라보며 신나는 마음이 들 수 있었으면 좋겠다. 나는 우리 선수들을 믿는다.”
[상암=이근승 MK스포츠 기자]",2025-12-06T02:00:21.094600
11485474,"여자 핸드볼 세계선수권, 독일이 몬테네그로 완파… 4연속 세계선수권 8강 확정",,증권,stock,김용필 기자ypili@maekyung.com,2025-12-05T17:42:54+09:00,https://www.mk.co.kr/news/stock/11485474,https://pimg.mk.co.kr/news/cms/202512/05/news-p.v1.20251205.ea42c481e52f4a26ac7eff588843074b_R.jpg,"독일 여자핸드볼 대표팀이 압도적인 경기력으로 몬테네그로를 격파하며 IHF 여자핸드볼 세계선수권대회 8강 진출을 조기에 확정했다.
독일은 지난 4일(현지시간) 독일 도르트문트 Westfalenhalle에서 열린 제27회 IHF 여자핸드볼 세계선수권대회 메인 라운드 4조 2차전에서 몬테네그로를 36-18(전반 16-6)로 크게 이겼다.
이 승리로 독일은 4전 전승(승점 8점)을 기록하며 4회 연속(2019·2021·2023·2025)으로 8강에 올랐다. 몬테네그로는 2승 2패(승점 4점)로 3위를 유지했다.
사진 확대
사진 제27회 IHF 여자핸드볼 세계선수권대회 독일과 몬테네그로의 경기 모습, 사진 제공=국제핸드볼연맹
전반 초반 독일의 기세는 폭발적이었다. 경기 시작 15분 만에 9-0으로 앞서며 일찌감치 주도권을 잡았다.
특히 골키퍼 카타리나 필터(Katharina Filter)는 전반에만 11세이브(48%)를 기록하며 몬테네그로의 모든 시도를 봉쇄했다. 필터는 선방뿐 아니라 속공 가담 득점까지 포함해 3골을 터뜨리는 이례적 활약을 펼쳤다.
몬테네그로는 경기 시작 16분이 지나서야 디야나 트리비치(Dijana Trivić)가 첫 골을 넣고 추격에 나섰지만, 이미 기울어진 운동장이었다.
반면 독일은 안티에 덜(Antje Döll)의 연속 득점과 니나 엥겔(Nina Engel)의 돌파, 그리고 제니 베렌트(Jenny Behrend)의 측면 공격이 연달아 성공하며 전반을 16-6, 10골 차로 크게 앞섰다.
후반에도 흐름은 변하지 않았다. 독일은 니나 엥겔이 6/6(100%), 알렉시아 하우프(Alexia Hauf)가 4골, 아니카 로트(Annika Lott)가 4골을 넣으며 득점 포문을 열었다.
몬테네그로는 얄레나 부크체비치(Jelena Vukčević)와 아드리야나 타타르(Andrijana Tatar)가 각각 3골을 넣으며 버텼지만, 독일의 공세를 따라가기에는 역부족이었다.
경기 종료 직전 엥겔이 다시 한번 속공 득점을 성공시키며 팀의 36번째 골을 채웠다. 독일은 50개의 슛 중 36개 성공(72%)이라는 높은 효율을 보였고, 실책도 단 6개에 그쳤다.
[김용필 MK스포츠 기자]",2025-12-06T02:00:21.829074
11485473,"올해 크리스마스 선물은 이걸로…하이트진로, 테라X페스티버 굿즈 출시",,증권,stock,최기성 기자gistar@mk.co.kr,2025-12-05T17:42:34+09:00,https://www.mk.co.kr/news/stock/11485473,https://pimg.mk.co.kr/news/cms/202512/05/news-p.v1.20251205.2736ec76c11e4109b1815468748ed93e_R.jpg,"사진 확대
[사진제공=하이트진로]
하이트진로(대표 김인규)가 MZ세대에게 가성비가 뛰어난 크리스마스 선물을 제안한다.
하이트진로는 슈피겐코리아의 팬덤 IP 플랫폼 ‘페스티버(FESTIVER)’와 협업한 ‘테라 크리스마스 에디션’ 굿즈 13종을 출시했다고 5일 밝혔다.
이번 협업은 MZ세대가 선호하는 휴대폰 꾸미기 열풍과 테라의 시즌 한정 에디션 인기를 결합해, 브랜드 경험을 한층 다채롭게 확장하기 위해 기획했다.
‘페스티버x테라 크리스마스 에디션’ 13종은 테라의 청정한 이미지를 배경으로 산타가 맥주를 들고 있는 일러스트, 크리스마스 모자를 쓴 테라 맥주잔, 테라 병뚜껑을 활용한 트리 등 연말 분위기를 담은 디자인을 적용한 것이 특징이다.
매 시즌 새로운 비주얼을 선보여온 테라의 한정판 굿즈 라인업에, 모바일 액세서리라는 친근한 형태로 접근성을 더했다.
협업 제품은 페스티버 네이버 스토어와 공식 온라인몰을 비롯해 무신사, 카카오톡 선물하기 등 다양한 채널에서 판매된다.
출시를 기념해 페스티버 네이버 스토어에서는 25일까지 전 제품 25% 할인 프로모션과 구매 리뷰 이벤트도 함께 진행할 예정이다.
하이트진로 오성택 전무는 “그동안 테라에 보내주신 관심과 성원에 보답하는 마음을 담아 이번 협업을 기획했다”며 “다양한 온·오프라인 채널을 통해 소비자들이 테라와 함께 따뜻하고 즐거운 연말을 경험하시길 바란다”고 전했다.",2025-12-06T02:00:22.519849
11485472,‘돌싱’ 28기 순자 “출연 후회…마지막 회 진짜 억울”,,증권,stock,한현정 기자kiki2022@mk.co.kr,2025-12-05T17:41:38+09:00,https://www.mk.co.kr/news/stock/11485472,https://pimg.mk.co.kr/news/cms/202512/05/news-p.v1.20251205.f0f9073a59d843eabc12037c3e3d724e_R.jpg,"사진 확대
순자 SNS
‘나는 솔로’ 28기 순자가 방송 출연을 후회한다고 고백했다.
28기 순자는 5일 새벽 자신의 계정을 통해 ‘나는 솔로’ 관련 질문을 받고 솔직하게 대답하는 시간을 가졌다.
순자는 ‘나솔 출연하고 욕먹은 부분 중 억울한 부분’을 묻는 질문에 “마지막 화는 진짜”라며 답했다.‘마지막 화 왜요? 해명하셔도 되잖아요’라는 말엔, “해명도 변명처럼 보이고 남 탓하는 것처럼 보이고 그땐 그럴 시간들이었던 것 같아요”라고 털어놨다.
‘나솔에서의 모습을 반성하거나 후회하는 점 있는지’라는 물음에는 “전부 다 그렇네요. 그러지 말 걸 투성이에요”라고 고백했다. 이어 ‘나는 솔로 나가셨던 거 후회하실까요?’라는 말에는 “후회하죠”라고 말했다.
‘여린 분 같아요. 단단해지셔서 더 많이 행복하길 바라요’라는 응원에는 “내면이 단단하지 못하여 실수도 많이 하고 못났던 것 같아요. 몸과 마음 둘 다 튼튼해지도록 노력하겠습니다!”라고 씩씩하게 답했다.
순자는 지난달 12일 방송된 ENA·SBS Plus 28기 최종회에서 최종 커플이 된 상철에게 “쉬운 남자냐”, “몇 명한테 차인 거냐”, “밀리는 심정이 어떠냐. 왜 이렇게 동네북 같냐”, “만인의 후순위” 등 수위 높은 발언을 해 시청자들의 비난을 받았다. 이후 진행된 라이브 방송에서도 불편한 표정으로 임해 태도 논란이 불거지기도 했다.",2025-12-06T02:00:23.258501
11485470,"코스피 4000 너머 5000 시대로, 2026 한국 증시 운명 가를 세 가지 도전",,증권,stock,박지훈,2025-12-05T17:37:42+09:00,https://www.mk.co.kr/news/stock/11485470,https://pimg.mk.co.kr/news/cms/202512/05/news-p.v1.20251205.04827c3e5a8d4069a2d11d4399c123d1_R.jpg,"사진 확대
10월 말, 코스피는 유례없는 속도로 4000선을 넘어섰다. 불과 4개월 전 3000선을 회복한 뒤 ‘숨 돌릴 틈도 없이’ 역대 고지를 다시 쓴 것이다. 그러나 정상에 오른 시장은 곧바로 바람을 맞았다.
11월 들어 코스피는 3800~4000선에서 널뛰기를 반복하며 강세장의 체력과 방향성을 동시에 점검받고 있다. 누구는 “장기 상승장의 중간 휴식”이라 하고, 누구는 “피크아웃의 전조”라 말한다.
1. 4000 돌파 이후, 시장의 엔진이 바뀌었다
올 12월 미 연준의 FOMC회의에서 기준금리 인하 가능성 축소와 엔비디아 3분기 실적발표 이후에도 지속하고 있는 AI 버블론이 한국증시에도 영향을 미치고 있다는 평가가 나오는 가운데, 직접적인 표면적 트리거는 외국인 이탈이 수급에 영향을 주고 있다. 11월 초~20일 사이 외국인은 코스피에서 약 10조 2000억원을 순매도해 월 기준 역대 두 번째 규모를 기록했다. 하루 평균 7800억원 가까운 매도 속도로, 4000 돌파를 이끌던 ‘외인 랠리’가 순식간에 ‘외인 브레이크’로 변한 셈이다. 매도 대부분이 SK하이닉스·삼성전자 등 반도체 대형주에 집중되면서 지수 변동성이 커졌다. 하지만 더 중요한 변화는 ‘누가 시장을 받치고 있느냐’다. 외국인이 던진 물량을 개인이 거의 같은 규모(약 9조 7000억원)로 받아냈고, 기관도 하락 구간에서 방어적 매수를 이어갔다. 윤창용 신한투자증권 리서치센터장은 “7월 20일 이후 외국인 순매수가 약화했고, 10월 21일 이후 지수를 끌어올리는 주체가 개인·기관으로 넘어온 흐름”이라며 “단기 FOMO가 일부 섞였지만 밸류업 정책, 실적 개선, 대외 환경 변화에 대한 기대가 ‘국내 시장을 다시 봐도 된다’라는 심리를 키웠다”라고 짚었다. 외인의 빈자리를 국내 자금이 메우는 구조가 굳어질수록, 코스피는 ‘외인 의존의 고점’이 아니라 ‘내수 자금이 키우는 체급’으로 진화할 가능성이 생긴다.
2. 환율 1500원 논쟁 ‘레벨’보다 ‘안정’이 본질
두 번째 변수는 원·달러 환율이다. 11월 중순 환율은 장중 1470원을 돌파하며 7개월 만의 고점을 시험했고, 최근에도 1460원대 후반에서 높은 변동성을 이어가고 있다. 1500원 시대’가 뉴노멀이 될 수 있다는 경계도 커진다.
여기서 시장이 헷갈리는 지점은 하나다. 환율이 오르면 새 정부의 슬로건이 된 ‘코스피 5000시대’는 멀어지게 될까? 김동원 KB증권 리서치본부장은 그 질문에 조건부로 답한다. 김 본부장은 “원·달러가 1500원 이상으로 과도하게 오버슈팅하면 단기 충격은 불가피하다”라고 전제하면서도 “하지만 1460원대에 머무르면 ‘한국 경제가 나쁘다’라는 신호만은 아니다”라고 짚었다. 급등 없이 일정 범위에 안정된다면 수출 채산성엔 오히려 도움도 된다는 주장이다. 그러면서 그는 기본 시나리오를 “과거처럼 1300원 밑으로 급락하기보다 1350~1450원 박스권에서 길게 안정되는 그림”으로 제시한다.
환율의 핵심은 숫자 자체가 아니라, 외국인이 버틸 수 있는 ‘안정성의 범위’를 지키느냐는 것이다. 달러가 장기 약세로 전환되면 글로벌 자금이 미국 밖 저평가 시장으로 이동하며 한국 증시가 재부각될 수 있다는 그의 전망도 같은 맥락이다.
3. 2026년 필요한 이익, 리레이팅, 정책의 시간표
코스피 5000은 ‘지수 목표’가 아니라 ‘시장 체질’의 변화를 통한 결과물이란 목소리가 전문가들 사이에서 심심치않게 나오고 있다. 2026년을 가르는 변수는 세 갈래다. 첫째, AI·반도체 슈퍼사이클이 훈련에서 추론, 그리고 디바이스·피지컬 AI 단계로 확장되며 기업 이익이 실제로 늘어나는가. 증권가가 내년 코스피 밴드를 3500~5000(일부는 7500)까지 넓게 잡는 이유도 결국 반도체 이익 증가 폭과 지속성에 달려 있다.
둘째로는 밸류업 정책, 배당소득 분리과세, MSCI 선진지수 편입 로드맵 등 제도 변화가 실제 시장에서 얼마나 ‘체감할 수 있는 실행’으로 이어지느냐가 관건이다. 정책 방향에 대한 기대는 이미 상당 부분 주가에 반영된 만큼, 향후 기업의 배당 확대나 자사주 소각, 지배구조 개선처럼 구체적인 행동이 뒤따를 때 리레이팅이 지속될 수 있다는 평가가 나온다. 반대로 실행 속도가 기대에 미치지 못할 경우, 밸류에이션 확장의 탄력이 둔화할 가능성도 함께 거론된다.
셋째는 정책과 대외 변수의 ‘시간표’다. 미국 금리 인하 사이클의 진행 속도, 미·중 및 한·미 관세 협상 세부안의 윤곽, 지정학 리스크와 원자재 가격 흐름 등은 내년 내내 시장 변동성을 키울 수 있는 요인으로 지목된다. 이 과정에서 기업 이익의 개선 흐름과 정책 집행의 속도가 같은 방향으로 맞물리면 조정 국면이 비교적 빠르게 진정될 여지가 있지만, 어느 한 축이라도 지연되거나 불확실성이 길어지면 4000선 이후의 시장 체력에 부담이 커질 수 있다는 시각도 존재한다.
종합하면, 현재 코스피는 4000선 돌파 이후 숨 고르기와 재정비를 동시에 거치는 구간으로 해석된다. 외국인 매도세가 단기적으로는 지수에 부담이 되고 있지만, 그 공백을 개인과 기관이 얼마나 안정적으로 메울 수 있는지가 시장의 방향을 좌우할 전망이다. 환율 역시 외국인 수급과 심리에 영향을 미치는 변수인 만큼, 급격한 추가 상승이 나타나지 않고 일정 범위에서 안정되면 수출·이익·달러 유입 경로를 통해 시장이 균형을 찾아갈 여지도 있다는 분석이 나온다. 결국 2026년은 이익 성장과 제도적 리레이팅 요인이 동시에 작동할 수 있을지 여부에 따라, 코스피 5000이 ‘가능한 목표’로 좁혀질지, 혹은 더 긴 시간표가 필요할지가 판가름 나는 시험대가 될 것으로 보인다. 럭스멘 송년호 특집기획으로 ①2025년 강세장을 이끈 주도주와 2026년 유망 섹터 ②반도체·레버리지·파킹자금이 만든 ETF 시장의 속살 ③증권사 전망 밴드·코스피 5000시대를 맞이하기 위한 국내 주요 증권사 리서치센터장들의 목소리를 차례로 짚어본다.
[박지훈 기자]
[본 기사는 매경LUXMEN 제183호 (2025년 12월) 기사입니다]",2025-12-06T02:00:24.363011
11485469,[부음] 이상영씨 별세 외,,증권,stock,,2025-12-05T17:35:54+09:00,https://www.mk.co.kr/news/stock/11485469,https://static.mk.co.kr/facebook_mknews.jpg,"▲이상영씨 별세, 한승희씨(전 국세청장) 모친상=5일 삼성서울병원, 발인 7일 오전 6시. (02)3410-3151
▲하평완씨(전 한국은행 은행국장·전 외환은행 감사) 별세, 김정윤씨 배우자상, 하경수(아이디언스 전무) 하정수씨(하나은행 차장) 부친상=4일 연세대 세브란스병원, 발인 7일 오전 8시. (02)2227-7500",2025-12-06T02:00:25.122013
11485468,[인사] 한미글로벌 / 우리은행,,증권,stock,,2025-12-05T17:35:53+09:00,https://www.mk.co.kr/news/stock/11485468,https://static.mk.co.kr/facebook_mknews.jpg,"■한미글로벌 ◇전무 승진 △심형수 △원영호 △이상령 △최윤영
■우리은행 ◇부행장 전보 △개인그룹 겸 디지털영업그룹 이해광 △글로벌그룹 전현기(지주 겸직) △HR그룹 박종인 ◇본부장 승진 △프로젝트금융본부 김홍익 △IT혁신본부 조남주 △여신정책부 김충훈 △대기업심사부 이상헌 △경영기획그룹 김유재 △재무기획부 이종화 △강서영업본부 서인덕 △서대문영업본부 배태인 △용산영업본부 김준석 △인천영업본부 겸 남동·송도BIZ프라임센터 박천재 △경기동부영업본부 겸 판교BIZ프라임센터 김성길 △경기서부영업본부 겸 반월·시화BIZ프라임센터 박상은 △대전충청남부영업본부 겸 대전·세종BIZ프라임센터 김현균 △대구경북동부영업본부 이주선 △대구경북서부영업본부 겸 대구·경북BIZ프라임센터 김송미 △NPS전북영업본부 김태영 △생산적금융기업영업본부 최준연 △서초기업영업본부 황경원 △중앙기업영업본부 장원영 △태평로기업영업본부 이지현 △WM1영업본부 박일건 △WM2영업본부 박정순 △강남BIZ프라임센터 구은아 △광화문BIZ프라임센터 박정윤 △TCE시그니처센터 김윤희 △글로벌그룹 강주석 △글로벌그룹 최원경 ◇본부장 전보 △외환사업본부 김경숙 △HR그룹 김병진 △HR그룹 김병규 △강남1영업본부 강우삼 △강남2영업본부 윤상규 △강동강원영업본부 신진호 △강북영업본부 김흥수 △남부영업본부 겸 서울디지털BIZ프라임센터 정인재 △동부영업본부 정운형 △서초영업본부 김영민 △송파영업본부 정평섭 △경기남부영업본부 겸 화성·평택BIZ프라임센터 김동성 △경기북부영업본부 김희천 △강남기업영업본부 박용철 △종로기업영업본부 정해원 △본점영업부 허기철 △강북BIZ어드바이저센터 최봉계 △글로벌그룹 한창식 △글로벌그룹 김태훈",2025-12-06T02:00:25.836802
11485467,과출협 신임 회장에 박선규 건기硏 원장,,증권,stock,고재원 기자ko.jaewon@mk.co.kr,2025-12-05T17:35:53+09:00,https://www.mk.co.kr/news/stock/11485467,https://pimg.mk.co.kr/news/cms/202512/06/20251206_01110121000006_S00.jpg,"사진 확대
박선규 한국건설기술연구원(건기연) 원장이 과학기술출연기관장협의회(과출협) 신임 회장으로 선출됐다. 임기는 내년 1월부터 2년간이다. 과출협은 지난 4일 경기도 고양시에 위치한 건설연 본원에서 '2025년도 제4회 정기회의'를 개최하고, 박선규 원장을 신임 회장으로 선출했다고 밝혔다.
[고재원 기자]",2025-12-06T02:00:26.538172
11485466,콜마 세종 공장 찾은 슈뢰더 전 총리,,증권,stock,서정원 기자jungwon.seo@mk.co.kr,2025-12-05T17:35:52+09:00,https://www.mk.co.kr/news/stock/11485466,https://pimg.mk.co.kr/news/cms/202512/06/20251206_01160121000005_L00.jpg,"윤동한 회장과 신규 사업 논의
사진 확대
세종 공장을 둘러보는 윤동한 한국콜마 회장(오른쪽)과 슈뢰더 전 독일 총리(가운데), 김소연 슈뢰더·김 재단 이사장. 콜마그룹
윤동한 한국콜마 회장이 게르하르트 슈뢰더 전 독일 총리 부부와 세종 공장에서 만나 신규 사업을 논의했다. 콜마홀딩스는 지난 2일 슈뢰더 전 총리 부부와 아랍에미리트(UAE) 아부다비투자진흥청(ADIO) 관계자 등이 한국콜마·콜마비앤에이치 세종 공장을 방문했다고 5일 밝혔다.
슈뢰더 전 총리는 이날 부인인 김소연 슈뢰더·김 비영리재단 이사장과 함께 세종 공장을 둘러봤다. 동행한 무함마드 알호사니 ADIO 최고책임자와 마이드 알하마디 아랍에미리트·한국 친선협회(EKFS) 회장, 레이먼드 셰플러 하이티 대표 등은 화장품·건강기능식품 생산라인 투어를 진행했다. 공장 투어 후에는 윤 회장, 윤여원 콜마비앤에이치 사회공헌부문 각자대표와 환담을 나눴다.
이번 방문은 한국 화장품과 건강기능식품 사업 등에 관심을 보인 UAE 측에 슈뢰더 전 총리 부부가 콜마를 소개하면서 추진된 것으로 알려졌다. 윤 회장은 ""콜마그룹의 UAE 사업을 비롯한 여러 글로벌 사업에서 협력 관계를 기대한다""고 말했다.
[서정원 기자]",2025-12-06T02:00:27.388148
11485465,이승현 회장 철탑산업훈장,,증권,stock,박태일 기자ehtwelve@mk.co.kr,2025-12-05T17:35:47+09:00,https://www.mk.co.kr/news/stock/11485465,https://pimg.mk.co.kr/news/cms/202512/06/20251206_01160121000003_M00.jpg,"사진 확대
이승현 인팩코리아 회장이 지난 4일 서울 강남구 코엑스에서 열린 '제62회 무역의 날' 기념식에서 철탑산업훈장을 받았다. 급변하는 글로벌 통상 환경 속에서도 핵심 소재 산업의 기술 경쟁력을 높인 공로를 인정받았다. 인팩코리아는 TV·스마트폰용 안테나 등 제품을 글로벌 기업에 공급하고 있다.
[박태일 기자]",2025-12-06T02:00:28.093697
11485464,영풍 석포제련소 '사랑의 연탄' 기부,,증권,stock,박승주 기자park.seungjoo@mk.co.kr,2025-12-05T17:35:47+09:00,https://www.mk.co.kr/news/stock/11485464,https://static.mk.co.kr/facebook_mknews.jpg,"영풍 석포제련소가 연말을 맞아 경북 봉화군 석포면에서 지역공동체와의 상생을 위한 '사랑의 연탄' 기부와 배달 봉사활동을 진행했다고 5일 밝혔다. 석포제련소는 석포면사무소가 추천한 33가구에 각각 연탄 500장씩, 총 1만6500장을 기부했다. 지난 4일 제련소 임직원 20여 명은 난방 취약 가구에 직접 연탄을 배달했다.
석포제련소 관계자는 ""임직원이 직접 전달한 연탄이 어려운 이웃의 겨울나기에 도움이 되길 바란다""며 ""앞으로도 공동체와의 상생을 위해 최선을 다하겠다""고 말했다. 석포제련소는 성금 기부, 지역 학생 방한복 지원, 화재 예방 물품 제공, 각종 공모전 개최, 마을 목욕탕 운영 등 석포면과 봉화군을 중심으로 다양한 지역 상생 활동을 지속해 오고 있다.
[박승주 기자]",2025-12-06T02:00:28.818896
11485462,"""세상에 없던 '호두까기 인형' 만들죠""",,증권,stock,정주원 기자jnwn@mk.co.kr,2025-12-05T17:35:46+09:00,https://www.mk.co.kr/news/stock/11485462,https://pimg.mk.co.kr/news/cms/202512/06/20251206_01160121000002_L00.jpg,"스승 김용걸·제자 강경호
무용수가 춤추며 해설 시도
사진 확대
'호두까기 인형:해설이 있는 명품 발레'  안무·연출을 맡은 김용걸(왼쪽)과  발레리노 강경호. 아트앤아티스트
""아이들의 순수하고 솔직한 반응을 보는 게 연말 무대의 기쁨이죠.""
차이콥스키 '호두까기 인형'의 시즌이 올해도 다가왔다. 현역 발레리노 시절 이 무대에 수없이 올랐던 김용걸은 이제 공연 제작자로서 남다른 연말을 맞는다. 올해는 어린이 관객을 위해 제작한 '호두까기 인형: 해설이 있는 명품 발레'를 5~13일 서울 이화여대 ECC 삼성홀에서 선보인다. 지난 4일 최종 리허설 직후 매일경제와 만난 김용걸은 ""전에 본 적 없는 새로운 '호두까기 인형'이라는 반응을 들었다""며 ""남과 다른 걸 해보고 싶다는 생각이 무대에 드러난 것 같다""고 했다. 주인공 클라라의 대부이자 마법사인 드로셀마이어 역을 남성이 아닌 여성으로 캐스팅해 직접 해설을 하게 했고 안무는 물론 의상, LED 영상 무대 세트도 새로 만들었다. 분량은 휴식 시간 15분을 포함해 100분이다.
특히 5일 첫 공연에는 차세대 스타로 주목받는 강경호가 특별 출연해 2막의 하이라이트 그랑 파드되를 춘다. '호두까기 인형' 주역을 맡는 건 이번이 처음이다. 그는 ""클래식 레퍼토리에 대한 갈망이 늘 있고 잘하고 싶다""고 했다. 또 김용걸에 대해 ""학교에 다니며 새로운 움직임과 표현의 확장을 고민하던 때 가장 많이 배울 수 있었던 교수님""이라고 했다. 김용걸 역시 ""경호는 안무가와 기획자를 빛나게 해주는, 믿고 맡길 수 있는 무용수""라고 극찬했다.
김용걸은 올해 초 한국예술종합학교 교수직을 내려놓고 프리랜서 안무가로서 광폭 행보를 보이고 있다. 지난 10월엔 오스트리아 잘츠부르크 주립극장 발레단의 초청으로 안무작 '볼레로'를 현지 단원을 위해 재안무했다. 유튜브에 올려둔 영상을 본 발레단장이 연락해 성사된 프로젝트다. 현지 공연은 내년 6월까지 다른 안무가들의 작품과 트리플빌로 선보인다.
그는 ""학교를 그만둔 걸 잊을 만큼 바쁘게 지내고 있다""고 근황을 전했다. ""국립발레단에 5년, 파리오페라발레단에 10년, 한예종 교수로 15년을 있었어요. 마칠 땐 '지금 나가야 할 것 같다'는 생각이 어김없이 들었죠. 즉흥적인 면도 있지만, 앞으로 일어날 일을 모르는 게 인생의 매력인 것 같습니다.""
강경호 또한 프리랜서 무용수로서의 도전을 이어 간다. 그는 ""더 경험해보고 싶은 일이 너무 많아 계속해서 새로운 일을 찾아가고 싶다""고 말했다. ""누구에게나 새로움은 설렘을 주잖아요. 연말은 거의 모든 사람이 그 설렘을 느끼며 어려지고 행복해지는 시기인 것 같아요. 전에 없던 새로운 '호두까기 인형'을 통해 동심으로 돌아가 설렘을 느껴보시길 바랍니다.""
[정주원 기자]",2025-12-06T02:00:30.118421
11485461,[매경춘추] K스포츠 통계,,증권,stock,,2025-12-05T17:35:45+09:00,https://www.mk.co.kr/news/stock/11485461,https://pimg.mk.co.kr/news/cms/202512/06/20251206_01110121000002_S00.jpg,"사진 확대
안형준 국가데이터처장
최근 프로야구 한국시리즈가 성황리에 막을 내리며, K야구가 다시 한번 국민 스포츠로서의 위상을 증명했다. 코로나19 팬데믹이 있었던 2020년을 제외하고, 한때 120만명까지 줄어들었던 관중 수는 2025년 1200만 관중 시대를 열며 1982년 출범 이후 최고의 전성기를 맞이하고 있다. 야구에 큰 관심이 없던 필자조차 주변 지인의 이야기와 언론 보도에 이끌려 결승전을 시청하게 됐고, 남녀노소가 함께 부르는 열창과 구호, 뜨거운 함성 속에서 야구장은 이제 '승패'보다 '축제'로 기억되는 공간이 됐음을 실감했다.
그러던 중 나는 문득 이런 생각이 들었다. ""이 K야구의 열기를 숫자로 보여줄 수 있을까?""
야구 팬에게 승리와 패배는 감정의 문제다. 하지만 국가, 산업, 미래를 설계하는 이들에겐 그 감정조차 숫자로 환산된다. 바로 그 숫자를 만들어내는 것이 경제총조사와 같은 통계다.
한국시리즈 한 경기에는 단순한 스포츠를 넘어서는 다양한 경제활동이 담겨 있다. 티켓 판매, 유니폼과 굿즈 판매, 치킨과 맥주, 교통, 숙박, 사회관계망서비스(SNS) 광고와 콘텐츠 제작 등 모든 것이 스포츠 산업의 일부이자 국가 경제의 구성 요소다.
5년마다 우리나라 모든 사업체를 대상으로 실시되는 경제총조사는 이런 활동을 놓치지 않고 기록한다. '스포츠 서비스업' '숙박 및 음식점업' '문화, 오락 및 여가 용품 소매업' 등 야구단과 관련 업체의 매출, 고용 인원, 비용 구조 등을 조사해 해당 산업의 가치와 성장 가능성을 보여주는 정량적 지표로 삼는다.
그렇다면 이러한 경제총조사와 같은 통계가 어떻게 산업 전략이 될 수 있을까. 예를 들어 지방정부는 야구장 주변 상권의 변화 데이터를 통해 도시 개발과 상업지구 재편을 계획하고, 스포츠 브랜드 기업은 유니폼 매출 통계를 기반으로 디자인과 생산 전략을 수립한다. 콘텐츠 제작자는 야구 응원 열기에 대한 데이터를 분석해 SNS 콘텐츠 방향성을 결정한다. 즉 야구장의 함성은 그 자체로 미래 산업을 이끄는 데이터가 되는 셈이다.
다가오는 2026년 경제총조사는 K스포츠, K뷰티뿐만 아니라 K제조업, K서비스 등 우리나라 모든 산업의 구조와 변화를 더 정밀하게 파악할 계획이다. 특히 인공지능(AI) 활용 현황, 스마트 공장 및 농장 운영 현황 등 새로운 항목을 추가해 AI 대혁신 시대에 대응하는 산업 생태계의 변화를 반영할 예정이다. 또한 행정자료를 적극 활용해 현장조사 사업체 수를 줄이고 온라인 응답을 확대해 응답자의 부담을 줄이면서도 정확하고 효율적인 데이터 수집을 목표로 하고 있다.
누군가는 야구장에서 추억을 떠올리고, 누군가는 그 속에서 미래 시장을 본다. 그리고 그 둘을 연결하는 것이 바로 '통계'의 힘이다. 경제총조사는 단순한 숫자 수집이 아닌 K산업의 현재를 진단하고 미래를 설계하는 국가적 나침반이며 K스포츠의 감동이 정책, 산업 전략, 미래 투자로 이어지도록 만드는 가장 조용하지만 강력한 도구다.
다시 야구 시즌이 오면 많은 사람이 또다시 경기장을 찾을 것이다. 이제 나는 누군가의 응원 소리 뒤에서 경제를 움직이는 수많은 '숫자들'도 함께 들을 것이다.
[안형준 국가데이터처장]",2025-12-06T02:00:30.901238
11485460,"""23년 판사경험, 공익변호사 드라마에 녹여""",,증권,stock,최현재 기자aporia12@mk.co.kr,2025-12-05T17:35:45+09:00,https://www.mk.co.kr/news/stock/11485460,https://pimg.mk.co.kr/news/cms/202512/06/20251206_01160121000001_L00.jpg,"tvN '프로보노' 문유석 작가
인기 끌었던 법정 드라마
'미스 함무라비' '악마판사' 후
긴 슬럼프 늪에 빠졌지만
내가 잘 아는 이야기로 컴백
불안을 삶의 요소로 승화한
에세이 '나로 살 결심'도 출간
사진 확대
2020년. 23년간 입었던 판사 법복을 벗었다. 변호사 개업 대신 전업 작가의 길을 택했다. 퇴직 전후로 법정물인 드라마 '미스 함무라비'(2018년 방영) '악마 판사'(2021년 방영) 각본을 쓰며 자신감도 충만했다.
그러나 도전의 예봉이 꺾이는 데는 오랜 시간이 걸리지 않았다. 압박감에 짓눌려 쓸 수 없는 나날이 계속됐다. 다달이 들어오던 월급은 끊겼고, 불안은 영혼을 빠르게 잠식했다. 잠이 오지 않았고, 흰머리는 늘었다. 슬럼프였다. 늪에서 나오는 데는 수년의 시간이 걸렸다. 최근 슬럼프 극복 과정과 전업 작가가 된 이후의 소회를 담은 신간 에세이 '나로 살 결심'(문학동네 펴냄)을 출간한 문유석 작가의 이야기다.
그는 최근 매일경제와 인터뷰하면서 자신의 슬럼프 경험에 대해 ""불안을 삶의 당연한 요소로 받아들이고 하루하루 할 일에 집중하는 것이 제가 찾은 방법""이라며 ""삶의 큰 전환을 겪은 만큼 저의 경험이 비슷한 고민을 하는 누군가에게 도움이 되지 않을까 하는 마음에 집필을 결심했다""고 밝혔다.
문 작가가 겪은 슬럼프 이유는 숱한 거절이었다. 그동안 선보였던 법정물 대신 초능력 히어로물을 구상하고 각본을 써내려 갔지만 이곳저곳에서 거절이 반복됐다. 2015년 '개인주의자 선언'을 출간한 후 글 쓰는 판사로 명성을 날리던 문 작가에겐 익숙하지 않은 상황이었다. 집필 시간을 확보하기 위해 자택에 있는 시간이 많아졌지만, 글을 쓰기는커녕 즐기던 독서도 기피하는 지경에까지 이르렀다. 망했다고 생각하며 불안에 떨던 그에게 돌파구가 된 건 '아무거나 써보자'는 마음이었다.
""불안을 회피하려는 노력은 헛된 것이었습니다. 슬럼프 시기에는 막연하게 거창한 고민을 하기보다 '쓰레기라도 좋으니 뭐라도 매일 한 페이지만 쓰자'는 마음으로 무조건 일을 시작하는 버릇을 들이는 것이 도움이 됐습니다."" 문 작가가 슬럼프에서 길어 올린 수확은 또 있다. 더 위대하고 뛰어난 이야기에 매달리는 대신 자신이 잘할 수 있는 스토리에 집중해야겠다는 마음가짐이다. 비상한 작품으로 대중을 사로잡겠다는 거창한 목표보다 판사 시절 천착했던 인간과 사회에 대한 고민과 경험을 녹이겠다는 뜻이다. 슬럼프의 늪에서 자신을 돌아보는 과정 중 도출해낸 '나로 살 결심'이었다. 6일 tvN에서 방영을 시작하는 공익 전담 변호사의 이야기 '프로보노'의 각본은 그와 같은 결심에서 집필됐다.
""처음엔 남들이 못하는 '수준 높은 이야기'를 쓰고 싶다는 허영심이 있었습니다. 이제는 소박해도 좋으니 제가 가장 잘할 수 있는 이야기를 써야겠다고 마음먹게 됐어요. 그 결과물이 '프로보노'입니다.""
고용 불안 속에 모두가 '인생 이모작'을 꿈꾸는 시대. 바닥을 치고 뛰어오른 문 작가에게 두 번째 삶을 기획하는 이들을 위한 조언을 구했다. 그의 신간 제목처럼 길잡이가 돼줄 건 자기 자신뿐이라는 취지의 답이 돌아왔다.
""어떤 분야가 장래에 유망할지를 고민하기 이전에 자기 자신을 밑바닥까지 깊숙이 들여다볼 필요가 있다고 생각합니다. 내가 진짜로 원하는 일이 무엇인지, 내가 그 일을 잘할 수 있는지, 그 일로 인한 어려움을 얼마나 잘 감당할 수 있는지를요.""
[최현재 기자]",2025-12-06T02:00:31.628494
11485459,‘친애하는 X’ 종영 여운 잇는다…OST 스페셜 앨범 예약 판매 개시,,증권,stock,손진아 기자jinaaa@mkculture.com,2025-12-05T17:34:37+09:00,https://www.mk.co.kr/news/stock/11485459,https://pimg.mk.co.kr/news/cms/202512/05/news-p.v1.20251205.f78d7dadfc4f4c6498e46f9e04626895_R.jpg,"화제의 티빙 시리즈 ‘친애하는 X’의 스페셜 OST 앨범이 발매된다.
5일부터 주요 온라인 음반 판매 사이트를 통해 ‘친애하는 X’ OST 앨범의 예약 판매가 시작된다.
‘친애하는 X’는 지옥에서 벗어나 가장 높은 곳으로 올라가기 위해 가면을 쓴 여자 ‘백아진’, 그리고 그녀에게 잔혹하게 짓밟힌 X들의 이야기를 치밀하게 그려냈다. 국내외 화제성 지수 차트를 연이어 석권하며 글로벌 시청자들의 뜨거운 주목을 받았다. 배우들의 몰입도 높은 연기와 세련되고 섬세한 연출, 그리고 드라마틱한 음악까지 삼박자가 완벽히 어우러져 대중의 호평을 받아왔다.
사진 확대
‘친애하는 X’의 스페셜 OST 앨범이 발매된다.
방영 전부터 이응복 연출감독과 개미 음악감독의 막강한 호흡, 그리고 극의 분위기와 절묘하게 맞아떨어지는 가창 라인업이 화제를 모으며 OST에 대한 기대를 높였다. 이번 OST 앨범은 작품이 남긴 강렬한 여운을 오래도록 이어갈 것으로 기대된다.
이번 앨범에는 파멸 멜로 서스펜스의 시작을 알린 첫 번째 OST ‘Run & Run - 림킴(김예림)’을 비롯해, 아진의 욕망과 정서를 시네마틱하게 담아낸 ‘Insane - 일레인’, 아진의 매혹적인 아우라를 압축적으로 구현한 메인 테마곡 ‘Devil’s Angel – 민니(MINNIE)’가 수록됐다.
또한 서정적인 선율로 캐릭터의 감정적 깊이를 확장한 ‘Goodbye - Sam Ock’, 아진의 숨겨진 내면과 자아를 날카롭게 드러낸 ‘Ego - COCONA’, 몽환적인 무드로 극의 정서를 다채롭게 물들인 ‘Eyes On Me - Olivia Marsh’까지 총 7곡의 가창곡이 포함됐다. 여기에 드라마의 오프닝 곡과 극의 흐름을 촘촘하게 이끌며 몰입도를 극대화한 25곡의 BGM이 더해져 앨범의 완성도를 높였다.
음반 구매 시 드라마 속 명장면들을 생생하게 포착해낸 스틸컷과 배우 백아진의 미공개 화보가 포함된 북릿(80P)이 제공되어 소장 욕구를 자극한다. 포토카드(9종), 엽서(6종), 랜티큘러 카드, 전단지, 스티커, 주인공들의 증명사진과 포스터(3종 중 1종 랜덤)까지 다채롭게 구성되어 애청자들에게 드라마를 선명히 추억할 수 있는 특별한 선물이 될 예정이다.
‘친애하는 X’의 음악은 ‘부부의 세계’, ‘스위트홈’, ‘동백꽃 필 무렵’, ‘태양의 후예’ 등 수많은 히트작을 통해 독보적인 음악 세계를 구축해온 개미 음악감독이 총괄했다. 섬세하면서도 강렬한 감정 연출이 더해져 다크 서스펜스 장르의 긴장감과 인물들의 심리적 흐름을 절묘하게 포착해, 극의 무드를 강하게 압도하는 음악을 완성했다.
[손진아 MK스포츠 기자]",2025-12-06T02:00:32.351675
11485458,"젠슨 황 소형원전, 저커버그 메타버스→AI, 머스크 휴머노이드",,증권,stock,원호섭 기자wonc@mk.co.kr,2025-12-05T17:32:29+09:00,https://www.mk.co.kr/news/stock/11485458,https://static.mk.co.kr/facebook_mknews.jpg,"테크리더의 3인3색 사업전략
머스크, 피지컬AI 개발 속도
사진 확대
인공지능(AI) 시대를 준비하는 글로벌 테크 리더 3인이 서로 다른 전략을 밝혔다.
젠슨 황 엔비디아 최고경영자(CEO)는 AI 연산의 병목으로 떠오른 전력난을 해소하기 위해 소형 원전 확대를 지지했고, 마크 저커버그 메타 CEO는 메타버스에서 AI 중심 전략으로 방향을 틀었다. 일론 머스크 테슬라 CEO는 휴머노이드 로봇을 차세대 성장축으로 점찍으며 '피지컬 AI' 개발에 속도를 내고 있다.
모두 AI 경쟁에 뛰어들고 있지만 승부처는 각각 전력, 플랫폼, 하드웨어라는 서로 다른 영역에 놓여 있다.
황 CEO는 최근 미국 인기 팟캐스트 '조 로건 익스피리언스'에 출연해 ""AI 발전에 따른 전력 소비 급증은 심각한 병목을 초래할 것""이라며 ""향후 6~7년 안에 소형 원전이 데이터센터의 핵심 전력원이 될 것""이라고 전망했다. 국제에너지기구(IEA)는 전 세계 데이터센터 전력 소비량이 2030년까지 현재의 두 배 이상으로 늘어날 것으로 예상한다.
저커버그 CEO는 수년간 회사의 미래를 걸었던 메타버스 전략을 대폭 수정하고 AI 경쟁력 강화에 집중하고 있다. 4일(현지시간) 블룸버그에 따르면 메타는 내년도 메타버스 관련 조직 예산을 최대 30% 감축하는 방안을 논의하고 있다. 저커버그는 삭감된 예산을 AI 웨어러블, 스마트 글라스, 대규모언어모델(LLM) '라마' 기반 서비스에 재배치하고 있으며 공개석상에서도 메타버스 언급을 줄이고 AI 플랫폼을 전면에 내세우고 있다.
머스크 CEO는 휴머노이드 로봇을 테슬라의 미래로 보고 있다. 그는 자신의 사회관계망서비스(SNS) 엑스(X)를 통해 테슬라 휴머노이드 로봇 '옵티머스'의 달리기 시연 영상을 공개하며 균형 제어와 관절 기술 향상을 과시했다. 단순 걷기 수준을 넘어 사람처럼 자연스러운 움직임을 선보인 것이다.
[실리콘밸리 원호섭 특파원]",2025-12-06T02:00:33.152283
11485456,매일 경제,,증권,stock,박환희 기자,,https://www.mk.co.kr/news/stock/11485456,https://wimg.mk.co.kr/news/cms/202512/05/news-p.v1.20251205.2d441d073f1145c38965a6d0a4ce9171_P1.png,"매경이코노미 2026 대예측 포럼
홍춘욱 프리즘투자자문 대표
사진 확대
홍춘욱 프리즘투자자문 대표. (윤관식 기자)
“지난해 2025년 증시 전망에서 미국보다 코스피가 좋다 외쳤습니다. 그런데 2026년은 조금 다릅니다. 코스피 저평가 이슈는 대부분 사라졌고 남은 모멘텀은 밸류업뿐입니다. 하지만 제대로 작동할지 의문이 있습니다. 2026년은 코스피가 아닌 미국 증시를 봐야할 때입니다.”
12월 5일 매경미디어센터 12층 대강당에서 열린 ‘2026 대예측 포럼’ 국내주식 세션 발표자로 홍춘욱 프리즘투자자문 대표가 나섰다. 홍 대표는 미·중 경제 흐름을 토대로 내년도 국내 경제·증시 전반의 방향성을 짚으며 투자 전략을 제시했다.
홍 대표는 고환율 환경이 국내 기업 실적을 끌어올릴 수 있다는 점에는 동의했다. 다만 이를 투자 매력으로 연결짓기는 어렵다고 지적했다. 그는 “영업이익은 크게 개선되더라도 주주에게 이익이 돌아오지 않는 시장이라면 구조적 한계는 여전하다”고 말했다.
한국은 주요국 대비 배당수익률이 가장 낮은 나라로 꼽힌다. 배당 분리과세 도입과 상법 개정 논의가 이어지고 있음에도 기업들이 실제로 주주환원에 나설지는 미지수라는 설명이다.
내년 3월까지 이어질 주주총회 시즌이 국내 증시 향방을 결정할 분기점이라고 짚었다. 홍 대표는 “환율 덕분에 대부분 기업 이익이 극대화됐지만 일시적 현상”이라며 “내년 초 주총에서 배당 확대가 시행되지 않으면 국내 시장 투자 매력은 떨어질 전망”이라고 평가했다. 반대로 올해 증가한 이익을 바탕으로 명확한 보상 가이던스를 제시하는 기업이 등장한다면 상황은 달라질 수 있다고 덧붙였다.
그간 국내 증시 저평가 매력이 컸지만 올해 들어 그 매력이 상당 부분 소멸했다는 분석이다. 홍 대표는 “이제 남은 건 ‘밸류업’에 대한 기업들의 실질적 변화”라며 “실제로 변화를 보여줄지는 여전히 미지수”라고 말했다.
지난해까지 미국보다 국내 시장이 더 좋을 것이라는 전망을 매년 내놓았던 홍 대표였다. 그러나 올해는 정반대로 예측했다. 현재로선 미국 시장 매력도가 훨씬 높다고 강조했다. 미국은 금리 인하 기대감이 남아 있기 때문이다.
또한 초기 투자 단계인 한국과 달리, 인공지능(AI) 투자 성과가 본격적으로 가시화되는 시점에 진입하고 있다는 분석이다. 오픈AI와 앤트로픽 등 대형 AI 기업이 내년 여름 상장을 추진하고 있다는 점도 언급했다. 여전히 성장 동력이 남아 있다는 평가다.
홍 대표는 국내 시장을 바라보는 전략도 제시했다. 그는 “한국 주식은 반도체 주도주 흐름을 벗어나기 어렵다”며 “투자를 한다면 반도체와 관련 업종 주변에 머물러야 한다”고 조언했다.",2025-12-06T02:00:34.116209
11485455,"美민주당 ""헤그세스 국방장관 탄핵할것""",,증권,stock,최승진 기자sjchoi@mk.co.kr,2025-12-05T17:32:11+09:00,https://www.mk.co.kr/news/stock/11485455,https://pimg.mk.co.kr/news/cms/202512/06/20251206_01170106000003_L00.jpg,"생존자 사살 논란 일파만파
해군 제독, 의회서 비공개 보고
생존자들에 총 쏘는 영상 나와
미군, 중남미 마약선 또 공격
사진 확대
카리브해에서 미군이 마약 운반 의심 선박에 대한 공격 이후 생존자에게 '2차 공격'을 했다는 논란과 관련해 미국 민주당이 공격의 합법성을 조사하는가 하면 피트 헤그세스 국방부 장관(사진)의 탄핵을 추진한다. 그러나 미군은 마약 밀수선으로 의심되는 중미 선박을 겨냥한 군사작전을 재개하면서 논란이 확산되는 분위기다.
2차 공격의 현장에서 작전을 지휘한 프랭크 브래들리 제독은 4일(현지시간) 댄 케인 미 합참의장과 함께 의회에 출석해 상·하원 군사위원회와 정보위원회의 공화·민주 양당 지도부에 해군의 해당 선박 공격과 관련한 보고를 비공개로 진행했다. 이날 의회에서 상영된 선박 공격 당시 영상에는 선박 잔해에 매달린 두 사람이 재차 공격을 받는 모습이 담긴 것으로 알려졌다.
지난 9월 2일 미 해군은 카리브해에서 마약을 운반 중인 것으로 의심되는 베네수엘라 국적 선박을 격침했는데, 이후 2차 공격으로 선박에 매달린 생존자 2명을 살해한 것으로 알려지면서 논란이 시작됐다. 특히 헤그세스 장관이 이들을 ""전원 살해하라""고 지시했다는 워싱턴포스트(WP)의 보도가 나오면서 국내법은 물론 국제법을 위반한 '전쟁범죄'라는 지적이 제기됐다. 의회에서 상영된 영상에는 마약 운반 의심 선박이 미군 공격으로 뒤집혔고, 두 사람이 이를 다시 뒤집으려던 중에 다시 한번 공격을 받는 모습이 담겨 있었다고 WP가 이날 회의에 참석한 다수 의원들을 인용해 보도했다. 이 공격으로 첫 공습 당시 생존했던 2명을 포함해 모두 11명이 사망했다. 야당인 민주당 의원들은 해당 공격의 합법성에 대한 의회 조사를 추진하겠다고 강조했다.
민주당은 헤그세스 장관에 대한 탄핵소추안 발의를 예고했다고 의회전문매체 더힐이 보도했다.
한편 미군은 마약 밀수선으로 의심되는 중미 선박을 겨냥한 군사작전을 재개했다.
[워싱턴 최승진 특파원]",2025-12-06T02:00:34.752624
11485454,"대만 '중국판 인스타' 금지 … 中 ""반중 부추기나"" 반발",,증권,stock,송광섭 기자song.kwangsub@mk.co.kr,2025-12-05T17:32:11+09:00,https://www.mk.co.kr/news/stock/11485454,https://static.mk.co.kr/facebook_mknews.jpg,"대만 당국이 사기 범죄 연루 등 보안을 이유로 '중국판 인스타그램'으로 불리는 동영상 플랫폼 애플리케이션(앱) '샤오훙수(小紅書)'의 사용을 금지했다.
5일 대만 자유시보 등에 따르면 대만 내정부는 전날 기자회견을 열고 샤오훙수 사용을 1년간 금지한다고 발표했다. 마스위안 내정부 정무차장은 ""샤오훙수가 지난 2년간 1706건의 사기 사건에 연루됐고, 2억4768만대만달러(약 116억원)의 재산 손실을 야기했다""며 이번 결정을 내린 배경을 전했다. 이어 ""(샤오훙수는) 사용자 개인정보와 자료를 중국의 특정 장소에 전송한다. 악의적인 플랫폼""이라며 ""샤오훙수가 관련 법규에 적극적이고 자발적으로 협조하는지 등을 검토해 후속 조치를 논의할 계획""이라고 덧붙였다.
대만 내정부는 '사기범죄방지조례' 법률 42조의 긴급성을 이유로 이날부터 샤오훙수에 대한 접속을 차단했다. 이로써 대만 내 약 300만명의 사용자가 영향을 받을 전망이다. 대만에서 샤오훙수에 접속하려면 별도 가상사설망(VPN)을 이용해야 한다. 중국 관영 언론들은 즉각 반발하고 나섰다. 중국청년보는 이와 관련해 ""많은 대만인은 당국이 샤오훙수를 탄압하는 배경에 정치적 의도가 있다고 생각한다""며 ""민진당 당국이 중국 본토 앱을 공격한 것은 이번이 처음이 아니다""고 비판했다.
[베이징 송광섭 특파원]",2025-12-06T02:00:35.375043
